obs,enjoy,getout,parking,errand,plenty,tiring,compare,easyget,convcost,bargain,toobig,quick,nowalk,outway,smfriend,pricenot,chaingd,weekly,nodiff,capindic,smpref,qualimp,smmore,discount,uselist,ownlabel,convtast,brndmany,buysame,trans1,trans2,trans3,cars,caruse,shoptime,shopmon,shoptue,shopweds,shopthur,shopfri,shopsat,shopsun,adults,child18,child5,takechil,retired,age,work,fulltime,yearsadd,sex,area,arearec
"1",3,4,2,2,2,3,3,2,3,2,3,1,4,3,3,4,2,2,3,3,4,3,3,4,4,3,4,3,1,3,1,NA,1,1,2,NA,1,NA,1,NA,NA,NA,2,3,0,NA,0,3,2,NA,5,2,6,3
"2",3,3,2,3,2,-999,4,2,3,3,4,4,1,2,4,4,3,2,4,3,4,2,3,4,4,3,4,3,2,3,1,NA,1,1,6,1,NA,NA,NA,NA,NA,NA,2,0,0,NA,2,5,2,NA,2.5,1,6,3
"3",2,4,2,4,1,4,4,1,1,4,4,4,1,4,4,2,2,2,4,2,4,2,4,4,2,4,4,4,4,3,NA,NA,1,1,2,NA,NA,NA,1,1,NA,NA,2,0,0,NA,2,5,2,NA,20,2,6,3
"4",3,2,2,4,2,4,4,2,2,4,2,3,2,2,3,2,2,3,3,3,4,2,3,4,4,4,4,4,2,3,NA,NA,1,1,2,NA,NA,NA,NA,NA,1,NA,1,NA,NA,NA,1,5,2,NA,13,1,6,3
"5",4,5,5,4,2,5,5,2,2,4,3,2,2,2,3,2,2,4,4,3,4,2,4,5,5,3,4,2,2,3,1,NA,3,1,4,NA,NA,NA,NA,NA,1,NA,3,0,0,NA,0,4,1,1,25,2,6,3
"6",3,5,3,2,2,4,4,2,2,3,2,2,2,3,3,3,2,2,3,2,3,2,3,3,2,4,4,4,4,3,NA,NA,2,1,4,NA,NA,1,NA,NA,NA,NA,2,NA,NA,NA,2,5,1,NA,19,2,6,3
"7",3,3,-999,5,1,3,2,2,3,2,3,3,3,2,3,2,3,2,3,3,4,3,4,5,3,3,4,3,2,3,1,NA,1,1,4,NA,NA,NA,1,NA,NA,NA,2,0,NA,NA,2,4,2,NA,20,2,6,3
"8",2,4,4,4,4,2,4,4,4,4,4,2,2,2,4,4,2,2,4,3,4,2,3,5,2,3,4,4,2,1,NA,NA,2,1,2,NA,NA,1,NA,NA,NA,1,2,2,0,NA,NA,3,1,2,14,2,6,3
"9",1,1,5,2,2,5,2,2,4,2,2,4,2,2,3,4,1,5,4,3,5,2,4,3,5,2,4,4,4,1,NA,NA,1,5,4,1,1,1,1,NA,1,NA,4,2,0,NA,0,4,1,2,11,2,6,3
"10",2,5,3,1,1,5,3,1,2,3,4,3,4,2,3,5,2,1,4,5,5,2,5,5,5,5,3,5,4,3,NA,NA,2,1,4,1,NA,NA,NA,NA,NA,NA,2,3,1,1,0,3,1,2,1,2,6,3
"11",4,4,4,3,1,3,4,1,1,2,3,3,3,2,3,3,3,2,4,2,3,2,3,4,4,3,4,3,3,3,1,NA,2,1,2,1,1,1,1,1,1,1,2,0,0,NA,0,3,1,2,2,2,6,3
"12",2,4,4,4,1,4,2,2,4,2,4,2,2,2,4,2,2,4,2,4,4,2,4,4,2,4,4,3,4,3,NA,NA,1,1,6,NA,NA,1,NA,1,NA,NA,2,0,NA,NA,2,5,2,NA,32,2,6,3
"13",2,5,4,4,1,2,5,2,1,4,2,1,1,4,4,1,2,4,4,4,4,1,1,5,1,1,4,1,1,3,6,4,1,5,4,NA,NA,NA,NA,1,1,NA,2,0,NA,NA,0,4,2,NA,6,2,6,3
"14",2,3,1,3,1,3,3,4,3,4,3,2,1,2,3,2,2,2,2,1,4,2,3,4,1,3,4,3,2,3,NA,NA,1,1,2,1,1,1,1,1,1,1,2,0,NA,NA,2,5,2,NA,15,2,6,3
"15",3,3,2,3,1,3,3,1,1,3,3,1,1,3,4,2,1,1,1,2,4,1,1,4,4,4,4,3,2,1,NA,NA,2,1,5,NA,NA,NA,NA,NA,NA,1,2,2,0,NA,0,3,1,1,1,1,6,3
"16",2,2,2,2,2,2,2,2,2,2,2,2,2,-999,2,5,3,2,2,5,-999,-999,-999,1,2,3,2,2,4,1,NA,NA,2,1,4,NA,NA,NA,NA,NA,1,NA,2,0,NA,NA,2,5,2,NA,0.5,2,6,3
"17",2,4,1,4,2,4,2,4,3,2,1,4,3,2,4,4,2,2,4,1,4,2,2,4,2,4,4,4,2,3,NA,NA,1,1,4,NA,NA,NA,1,NA,NA,NA,2,0,NA,NA,2,5,2,NA,5,2,6,3
"18",2,4,4,2,1,4,4,2,1,4,1,3,4,1,1,2,3,2,4,-999,2,1,1,5,4,1,5,2,4,1,NA,NA,2,1,4,1,NA,NA,NA,NA,NA,NA,2,0,NA,NA,1,5,2,NA,16,2,6,3
"19",2,2,4,4,2,4,4,2,2,2,4,4,2,2,2,4,2,2,2,2,2,2,2,4,2,4,4,4,2,3,NA,NA,1,1,4,NA,NA,NA,1,NA,NA,NA,2,0,NA,NA,2,5,2,NA,62,2,6,3
"20",2,3,2,2,1,3,2,2,2,4,2,2,4,4,2,4,3,2,2,3,4,2,1,5,4,3,2,3,2,3,NA,NA,2,1,4,NA,NA,1,NA,NA,1,NA,3,0,NA,NA,0,4,1,2,15,2,6,3
"21",2,4,2,4,2,4,2,2,4,2,3,2,2,2,3,4,2,4,4,2,4,2,3,4,2,2,4,3,2,3,NA,NA,3,1,4,1,NA,NA,1,NA,NA,NA,2,0,NA,NA,2,4,2,NA,14,2,6,3
"22",3,3,4,1,1,3,2,1,3,2,2,2,2,2,2,3,2,2,1,3,4,2,2,3,4,3,4,3,2,3,NA,NA,2,1,6,NA,NA,NA,NA,1,1,NA,2,0,NA,NA,1,4,2,NA,14,2,6,3
"23",2,3,2,4,2,4,5,1,2,3,2,2,1,4,3,2,2,2,3,2,4,3,3,5,1,3,4,3,2,3,NA,NA,2,1,5,NA,NA,NA,NA,NA,1,1,2,0,NA,NA,0,3,2,1,1.5,2,6,3
"24",2,2,1,1,1,3,2,1,3,4,2,2,4,1,3,2,2,4,4,3,4,2,3,4,1,4,4,4,2,3,NA,NA,1,1,4,1,1,1,1,1,1,1,1,0,NA,NA,1,5,2,NA,27,1,6,3
"25",2,2,1,4,1,4,2,2,3,1,2,4,2,3,3,5,2,4,2,2,4,3,4,3,4,1,4,3,4,3,NA,NA,2,1,4,1,1,1,1,1,1,NA,2,0,NA,NA,2,5,2,NA,12,2,6,3
"26",4,4,5,2,1,5,4,1,2,3,2,3,5,3,3,4,4,1,2,5,3,2,2,4,1,1,4,5,2,5,NA,NA,1,1,4,NA,NA,NA,1,1,NA,NA,2,0,NA,NA,0,4,2,NA,6,2,6,3
"27",2,4,4,2,2,4,4,2,3,4,4,3,4,2,4,4,2,2,3,4,4,4,4,4,4,3,4,3,4,3,NA,NA,1,1,4,1,NA,NA,NA,1,NA,NA,2,0,NA,NA,1,4,2,NA,4,1,6,3
"28",3,5,4,5,1,3,5,1,4,4,-999,3,3,2,3,2,2,1,4,3,4,2,3,5,3,4,5,3,2,7,NA,NA,1,1,4,1,1,NA,NA,NA,NA,1,2,0,NA,NA,2,5,2,NA,30,2,6,3
"29",2,4,1,4,1,4,3,1,1,4,4,5,4,1,3,4,2,1,4,2,4,1,3,3,2,4,3,4,4,3,NA,NA,1,1,4,NA,NA,NA,1,NA,NA,NA,1,0,NA,NA,1,5,2,NA,42,1,6,3
"30",2,2,3,1,2,2,4,2,2,4,2,4,2,4,2,4,2,1,1,1,2,2,4,4,1,4,2,2,2,6,3,NA,0,NA,4,NA,1,NA,NA,1,NA,NA,1,0,NA,NA,1,5,2,NA,30,2,6,3
"31",2,5,2,3,2,5,4,2,3,3,4,4,5,3,4,4,3,2,4,4,4,3,2,4,4,4,3,3,2,3,NA,NA,2,1,2,NA,NA,NA,NA,NA,1,1,2,0,NA,NA,0,2,1,1,1,2,6,3
"32",2,2,4,2,5,3,2,5,2,3,4,4,2,4,3,4,2,3,2,4,4,2,3,2,2,3,2,3,2,6,2,NA,0,NA,4,NA,NA,1,NA,1,NA,NA,1,0,NA,NA,1,5,2,NA,34,2,6,3
"33",2,4,4,4,2,4,3,2,3,1,2,4,4,2,2,4,2,1,3,2,3,4,3,3,4,4,4,4,4,3,NA,NA,1,2,4,NA,NA,NA,NA,NA,1,NA,3,2,NA,NA,0,4,1,1,18,2,6,3
"34",2,4,4,4,2,4,4,2,2,4,4,4,4,2,4,4,2,4,4,4,4,2,2,4,4,4,4,2,2,3,1,NA,1,2,5,NA,NA,NA,1,NA,NA,NA,2,0,NA,NA,0,4,1,1,1,1,6,3
"35",5,5,4,2,1,1,4,1,3,3,4,2,3,2,3,4,2,1,1,2,3,2,2,5,1,3,4,3,2,3,NA,NA,3,1,4,NA,NA,NA,1,NA,NA,NA,4,1,0,NA,1,4,2,NA,18,2,6,3
"36",2,3,3,5,1,4,3,2,2,2,3,4,3,1,4,4,2,1,5,3,4,1,3,3,2,3,3,2,2,3,NA,NA,2,1,6,1,1,1,1,1,1,1,2,0,NA,NA,1,4,2,9,24,2,6,3
"37",4,5,2,1,2,3,5,2,4,2,3,2,1,4,3,5,2,4,2,5,4,3,3,5,4,4,4,4,2,3,NA,NA,2,1,2,NA,1,NA,1,NA,NA,NA,2,2,0,NA,0,3,1,2,2,2,6,3
"38",3,4,2,4,2,4,4,2,2,4,3,4,3,3,3,2,2,2,4,2,4,2,3,3,2,2,4,2,2,3,NA,NA,NA,1,4,NA,NA,NA,NA,NA,1,NA,2,0,NA,NA,2,5,2,NA,38,1,6,3
"39",2,4,4,2,2,4,4,2,2,2,2,4,2,2,4,4,4,4,4,4,4,2,2,5,4,4,4,4,4,3,NA,NA,2,1,6,NA,NA,NA,NA,1,1,NA,4,0,NA,NA,1,4,1,2,21,2,6,3
"40",3,4,1,5,-999,2,2,2,2,2,2,2,2,2,1,5,4,1,5,3,-999,2,2,5,1,3,4,4,2,3,NA,NA,1,1,1,NA,NA,NA,NA,1,NA,NA,2,0,NA,NA,2,5,2,NA,46,1,6,3
"41",4,4,4,4,2,2,4,2,2,4,4,2,3,4,4,2,2,2,2,3,4,2,4,4,4,4,4,4,4,3,NA,NA,2,1,6,1,1,1,1,1,1,1,2,1,1,1,0,2,1,2,1,2,4,3
"42",4,3,2,2,2,1,2,3,3,1,3,2,2,2,3,1,2,3,3,3,4,3,-999,3,2,3,3,2,4,3,6,4,1,1,4,NA,NA,1,NA,NA,NA,NA,2,0,NA,NA,2,5,2,NA,10,2,4,3
"43",2,2,2,4,1,5,3,2,4,2,3,4,3,2,5,4,2,2,3,4,4,2,4,3,1,4,5,4,2,3,NA,NA,1,1,4,NA,NA,NA,NA,1,NA,NA,1,1,1,2,1,5,2,NA,41,2,4,3
"44",3,3,2,4,2,4,2,2,3,3,3,2,2,3,-999,4,2,2,2,3,4,3,3,4,4,3,3,4,2,3,NA,NA,2,1,4,NA,NA,NA,NA,NA,1,NA,2,2,0,NA,0,3,1,1,8,1,4,3
"45",4,4,2,4,2,2,4,2,3,3,2,4,3,2,3,3,2,2,3,2,3,2,3,3,2,3,3,3,3,3,NA,NA,2,1,4,NA,1,NA,NA,NA,NA,NA,3,0,NA,NA,2,5,2,NA,25,2,4,3
"46",2,5,3,4,1,2,4,2,3,2,4,2,4,2,4,4,2,2,4,4,4,2,3,3,4,4,4,4,2,3,NA,NA,1,6,6,NA,NA,NA,NA,NA,1,NA,3,0,NA,NA,0,4,1,2,2.5,2,4,3
"47",2,2,1,4,1,4,4,1,2,3,4,4,4,2,4,2,2,1,4,3,4,1,3,4,1,2,4,3,1,3,NA,NA,1,1,4,NA,NA,NA,NA,1,NA,NA,2,0,NA,NA,2,5,2,NA,27,2,4,3
"48",2,3,3,5,2,4,4,2,3,4,4,4,4,3,2,4,2,2,4,4,4,2,4,4,5,4,4,4,2,3,1,NA,3,1,4,NA,1,NA,1,NA,NA,NA,3,0,NA,NA,2,5,2,NA,35,1,4,3
"49",3,4,3,4,2,2,4,2,3,4,4,3,4,2,4,3,2,2,4,4,3,2,2,4,4,3,4,3,2,3,NA,NA,2,1,2,NA,NA,NA,1,NA,NA,NA,3,0,NA,NA,0,5,2,NA,20,2,4,3
"50",3,4,2,2,2,2,4,2,2,4,3,4,4,2,3,2,3,2,2,4,4,2,1,4,5,4,4,4,4,3,NA,NA,2,1,2,1,NA,NA,NA,NA,NA,NA,2,1,0,NA,1,3,1,2,15,2,2,2
"51",2,2,4,2,2,4,4,2,3,2,4,3,3,3,4,3,2,3,3,3,4,2,3,4,4,4,4,4,2,3,5,6,0,5,4,NA,NA,NA,NA,NA,1,NA,1,1,0,NA,0,3,2,NA,10,2,2,2
"52",4,3,5,5,5,4,2,1,5,4,4,1,2,1,5,2,1,1,4,1,5,1,5,5,1,4,5,3,4,3,NA,NA,2,1,4,NA,NA,1,NA,NA,NA,NA,2,2,2,1,0,2,2,NA,2,2,2,2
"53",3,4,4,2,4,4,1,5,5,2,3,4,4,3,4,5,2,4,2,5,4,4,4,1,4,4,4,4,4,6,1,3,1,2,6,NA,1,1,NA,1,NA,1,3,2,0,NA,0,4,1,2,26,2,2,2
"54",2,4,2,2,2,4,4,2,2,4,2,2,2,4,4,2,2,2,4,2,4,2,4,4,2,4,4,2,2,3,1,6,1,2,6,NA,NA,NA,1,1,NA,NA,1,NA,NA,NA,1,5,1,2,30,2,2,2
"55",4,4,2,2,1,4,4,2,2,2,4,1,2,2,4,4,2,2,4,5,4,4,4,4,4,4,5,4,4,3,NA,NA,2,1,1,NA,NA,NA,1,1,1,NA,3,0,NA,NA,0,4,1,1,21,2,2,2
"56",5,4,2,5,1,3,3,3,4,4,3,2,4,2,4,5,2,1,3,3,4,2,3,4,-999,5,4,3,2,3,1,NA,1,2,6,NA,NA,NA,NA,NA,1,NA,3,0,NA,NA,0,3,2,NA,10,2,2,2
"57",4,4,4,2,4,2,2,4,2,2,4,2,4,4,4,5,2,2,2,4,4,2,4,4,2,4,4,4,4,1,NA,NA,0,NA,4,NA,1,NA,NA,NA,NA,NA,1,2,1,1,0,3,2,NA,3,2,2,2
"58",5,5,3,5,1,3,2,1,2,1,3,1,5,3,3,5,2,1,3,3,3,4,3,2,1,4,2,3,2,3,NA,NA,2,1,4,NA,1,NA,NA,NA,1,NA,2,2,1,1,0,3,2,NA,12,2,2,2
"59",2,3,2,4,2,2,2,2,3,2,4,2,2,2,3,5,2,1,4,2,5,2,2,3,2,4,2,4,2,3,NA,NA,1,1,5,NA,NA,1,NA,1,NA,NA,2,0,NA,NA,0,3,1,1,1,2,2,2
"60",2,3,3,4,1,3,2,2,4,2,2,2,2,3,4,4,1,1,2,2,5,3,4,3,2,2,4,3,3,3,NA,NA,2,1,2,NA,NA,1,NA,NA,1,NA,2,2,0,NA,0,3,2,NA,11,2,2,2
"61",4,4,2,5,2,4,1,2,5,2,4,2,2,4,3,5,4,1,4,2,4,3,4,4,-999,2,4,3,4,3,1,NA,1,4,2,NA,NA,NA,NA,1,NA,NA,2,1,NA,NA,1,5,2,NA,10,1,2,2
"62",3,5,5,5,4,1,2,4,5,3,2,2,5,5,5,5,3,3,2,3,3,3,2,3,1,3,3,2,4,1,NA,NA,0,NA,4,1,NA,1,NA,1,NA,NA,2,1,0,NA,0,4,1,2,16,2,2,2
"63",2,4,1,3,1,3,4,2,2,2,3,2,2,2,3,4,2,2,4,3,4,2,4,4,2,4,3,4,4,3,NA,NA,1,1,6,NA,NA,1,NA,NA,1,NA,2,1,1,2,0,2,1,1,1.5,2,2,2
"64",2,3,1,2,2,4,1,2,4,2,3,2,2,2,4,4,2,2,2,3,4,2,4,3,2,4,4,4,2,3,4,NA,1,2,1,NA,NA,NA,1,1,1,NA,2,0,NA,NA,0,4,2,NA,11,2,2,2
"65",4,3,2,5,2,2,3,2,3,4,4,2,2,3,4,5,1,2,4,2,4,2,3,5,4,4,4,4,2,3,NA,NA,2,1,4,NA,NA,NA,NA,1,NA,NA,3,1,0,NA,0,4,2,NA,15,2,2,2
"66",4,5,3,2,2,4,2,2,-999,2,-999,2,3,2,4,4,2,2,4,3,3,2,3,4,4,4,4,4,4,3,NA,NA,1,1,4,NA,1,NA,NA,NA,NA,NA,2,1,0,NA,NA,4,1,1,25,2,2,2
"67",2,4,-999,2,2,4,2,2,2,2,4,4,4,2,3,4,2,4,4,3,4,2,3,3,2,4,4,4,2,4,6,NA,0,NA,2,NA,1,NA,NA,1,NA,1,2,0,NA,NA,1,5,NA,NA,23,2,2,2
"68",2,3,4,2,2,2,4,-999,2,4,1,4,3,2,2,4,2,1,4,4,4,2,2,4,1,4,4,4,2,3,6,4,1,1,4,NA,NA,NA,1,1,NA,NA,1,1,0,NA,0,4,1,2,0,2,2,2
"69",4,4,3,-999,1,4,2,1,4,2,4,2,3,2,5,5,2,2,4,5,4,4,4,3,2,4,4,4,4,3,NA,NA,2,1,2,NA,NA,NA,NA,NA,1,1,2,2,0,NA,0,1,1,1,1,1,2,2
"70",3,4,4,4,1,3,2,2,4,2,2,3,4,2,1,1,4,2,1,3,4,2,3,4,4,1,4,1,4,3,NA,NA,2,1,6,NA,NA,NA,NA,1,1,NA,4,1,0,NA,NA,3,1,1,10,2,2,2
"71",4,4,2,4,2,4,4,2,4,4,2,2,2,4,5,2,2,2,2,2,4,2,2,4,2,2,4,4,4,3,NA,NA,2,1,2,1,NA,NA,NA,NA,NA,NA,2,0,NA,NA,0,5,2,NA,16,2,2,2
"72",2,4,2,4,4,2,2,2,4,2,4,3,4,4,4,4,2,2,4,2,4,4,4,2,2,4,3,4,4,3,1,6,1,4,4,1,1,NA,NA,1,NA,NA,NA,NA,NA,NA,NA,NA,NA,NA,NA,NA,2,2
"73",3,2,2,1,1,4,2,1,5,2,5,4,2,2,4,4,1,4,4,4,4,3,4,4,3,4,4,4,2,3,NA,NA,1,1,6,NA,1,NA,1,NA,NA,1,2,0,0,NA,2,5,2,NA,0.5,2,2,2
"74",4,4,4,2,2,2,1,1,1,2,1,2,2,1,1,4,1,2,3,1,1,2,1,1,2,2,2,2,2,3,4,1,1,6,3,NA,NA,NA,1,NA,1,NA,2,2,0,NA,0,3,1,2,11,2,2,2
"75",3,3,1,2,2,3,2,2,3,1,3,1,1,4,3,4,1,1,4,3,3,2,3,2,1,3,4,3,4,3,4,NA,1,6,2,NA,NA,1,1,NA,NA,NA,2,0,0,NA,2,5,2,NA,29,2,2,2
"76",2,3,5,4,2,4,2,2,4,2,3,3,2,4,3,5,4,2,4,5,4,3,2,2,1,5,1,1,5,5,6,1,0,NA,2,NA,NA,NA,1,NA,NA,NA,2,0,NA,NA,0,3,1,2,7,1,2,2
"77",4,5,3,5,2,3,2,2,2,1,2,1,3,2,3,5,1,1,2,3,4,2,2,3,1,3,5,3,2,3,NA,NA,1,1,2,1,NA,NA,NA,NA,NA,1,2,2,2,1,0,2,1,1,1,2,2,2
"78",2,4,3,5,2,4,2,1,4,1,5,4,2,2,5,4,1,4,5,5,4,4,4,2,1,1,5,5,5,3,4,NA,1,1,5,NA,1,NA,NA,NA,NA,NA,2,3,0,NA,0,3,2,NA,6,2,2,2
"79",4,3,3,2,5,3,3,2,2,3,2,2,3,2,1,1,2,1,1,1,2,1,1,4,4,2,3,2,1,1,6,4,0,NA,4,NA,NA,NA,NA,NA,NA,NA,NA,NA,NA,NA,NA,NA,NA,NA,NA,NA,2,2
"80",4,2,2,5,2,4,2,4,4,1,2,1,1,4,1,4,1,1,2,5,5,4,3,1,1,2,5,2,4,3,1,6,1,2,4,NA,NA,NA,NA,NA,NA,1,2,3,1,1,0,2,2,NA,4,2,2,2
"81",4,5,3,2,1,3,5,1,2,3,4,1,1,3,3,4,2,1,2,3,4,2,5,4,5,4,5,3,2,3,NA,NA,1,1,6,1,1,1,1,1,1,1,1,0,NA,NA,0,4,1,1,1,2,2,2
"82",2,2,1,4,2,4,-999,2,4,2,4,2,4,2,3,2,3,2,2,2,4,2,3,4,2,2,2,4,2,1,NA,NA,1,2,6,NA,1,NA,NA,1,NA,NA,2,1,1,1,0,NA,1,2,1,2,2,2
"83",4,4,3,2,4,2,2,4,4,2,1,1,2,2,2,4,2,1,1,2,4,4,4,2,2,3,4,4,2,6,4,NA,0,NA,2,1,NA,NA,NA,1,NA,NA,2,0,0,NA,1,5,2,NA,29,2,2,2
"84",2,2,4,3,4,5,1,4,2,1,4,3,4,2,4,5,2,4,5,1,4,3,2,1,2,5,2,4,3,5,1,6,0,NA,6,1,1,1,1,1,1,1,1,0,0,NA,0,4,1,1,12,1,2,2
"85",2,2,3,4,3,3,2,2,2,2,2,3,1,4,1,5,2,2,2,3,4,4,3,3,4,3,2,3,2,3,6,NA,0,NA,2,NA,1,NA,1,NA,NA,NA,2,NA,NA,NA,2,5,2,NA,30,2,2,2
"86",2,2,3,1,2,2,1,2,4,1,1,1,2,2,1,5,2,1,2,2,4,2,2,4,2,4,2,2,2,1,6,3,1,4,6,NA,NA,NA,NA,NA,NA,NA,3,0,0,NA,0,4,2,NA,28,2,2,2
"87",3,4,2,2,2,4,-999,2,4,3,4,3,2,2,4,3,2,3,4,4,4,4,4,3,3,3,4,3,4,3,1,NA,2,1,6,1,1,1,1,1,1,1,3,0,0,NA,0,4,1,1,26,2,2,2
"88",4,5,2,2,2,3,5,2,5,4,3,2,-999,2,3,4,2,4,4,4,4,2,4,5,4,4,5,4,4,NA,NA,NA,2,1,3,NA,NA,NA,NA,NA,NA,NA,3,0,0,NA,0,4,1,1,11,2,2,2
"89",4,5,2,4,1,3,5,1,4,5,4,2,1,3,4,4,2,2,4,5,4,4,3,4,4,3,4,2,2,3,4,1,2,1,5,NA,NA,NA,NA,1,NA,NA,3,0,0,NA,2,4,1,1,20,1,2,2
"90",2,4,2,2,2,4,4,4,4,4,4,4,2,4,4,4,2,2,4,4,4,2,4,4,1,4,5,4,2,3,NA,NA,1,1,4,NA,NA,NA,1,NA,NA,NA,1,2,0,NA,0,3,1,2,4,2,2,2
"91",4,4,4,4,2,2,2,2,2,2,3,2,3,2,3,4,2,2,4,2,4,4,2,2,4,4,2,4,2,3,NA,NA,3,1,6,NA,NA,NA,NA,NA,1,NA,2,1,0,NA,0,2,1,1,1,2,2,2
"92",3,5,2,3,1,4,3,1,4,2,4,1,1,4,4,5,3,2,2,2,5,2,4,4,5,5,3,3,5,3,NA,NA,1,1,5,NA,NA,1,NA,NA,NA,1,1,2,0,NA,0,3,1,1,10,1,2,2
"93",2,2,3,2,2,4,1,1,1,1,1,1,1,2,2,5,1,2,2,2,4,4,2,1,4,1,4,1,2,6,3,4,1,1,2,NA,NA,1,NA,1,NA,NA,2,1,0,NA,0,3,1,2,1.5,2,2,2
"94",4,4,4,4,2,2,4,2,2,4,3,2,3,2,3,3,3,2,2,3,3,3,2,4,-999,3,4,3,2,3,NA,NA,2,1,4,NA,NA,1,NA,NA,1,NA,2,2,1,1,NA,2,2,NA,3,2,2,2
"95",2,2,3,2,2,4,4,2,2,2,4,2,3,2,2,2,2,2,4,2,4,2,4,4,2,2,4,4,2,4,6,NA,0,NA,4,NA,NA,NA,1,NA,NA,NA,1,1,0,NA,0,3,2,NA,10,2,2,2
"96",2,2,1,2,1,2,4,4,4,2,4,2,2,2,4,2,2,2,4,4,4,2,4,3,2,3,4,3,2,3,NA,NA,2,1,2,NA,NA,1,NA,NA,1,1,2,1,1,1,0,2,2,NA,5,1,2,2
"97",4,4,2,2,2,4,4,2,2,4,2,1,2,2,2,4,4,1,3,5,2,2,2,3,2,3,4,2,3,3,NA,NA,2,1,2,1,1,1,1,1,1,1,4,0,0,NA,0,4,1,2,14,2,2,2
"98",2,3,1,4,1,4,5,2,3,5,4,2,1,2,3,2,2,2,2,3,4,2,3,4,1,2,4,3,4,3,NA,NA,2,1,4,NA,NA,NA,NA,NA,1,NA,2,2,1,1,0,3,1,2,1,2,2,2
"99",2,2,4,4,2,4,2,2,2,2,4,4,2,2,4,4,2,4,4,4,4,2,3,2,4,4,4,4,2,3,NA,NA,2,1,6,1,1,1,1,1,1,1,2,0,NA,NA,2,5,2,NA,12,2,4,3
"100",3,2,1,4,2,4,4,1,2,4,3,4,3,4,3,4,2,4,3,4,3,3,4,4,2,3,4,2,3,3,NA,NA,1,1,4,1,NA,1,NA,NA,1,NA,3,0,0,NA,1,6,2,NA,35,1,5,2
"101",4,4,2,3,2,3,2,2,2,2,2,2,2,1,3,4,2,2,4,3,2,2,2,3,2,3,4,3,2,3,NA,NA,2,1,4,NA,NA,NA,NA,NA,1,NA,2,0,0,NA,2,5,2,NA,43,1,4,3
"102",4,5,3,1,4,3,2,2,3,2,2,1,1,2,3,3,3,1,3,2,3,3,2,3,3,4,3,2,3,3,NA,NA,2,1,2,1,1,1,NA,NA,NA,1,5,0,0,NA,0,4,1,2,15,2,5,2
"103",4,4,2,4,2,2,2,1,1,2,3,1,2,2,2,4,2,1,4,5,4,3,1,5,5,4,4,4,2,3,NA,NA,1,1,2,NA,NA,1,NA,NA,NA,NA,2,2,0,NA,0,3,1,2,4,2,5,2
"104",2,4,4,4,2,4,4,2,2,4,4,3,3,2,3,2,4,4,4,4,3,2,2,5,4,2,4,4,2,3,NA,NA,3,1,6,NA,NA,NA,NA,NA,1,1,2,0,0,NA,0,4,1,1,22,2,4,3
"105",3,4,1,3,5,3,4,5,1,2,5,2,5,1,1,1,5,1,1,3,2,1,1,4,2,4,5,2,2,3,NA,NA,1,1,2,NA,1,NA,1,NA,NA,NA,2,0,0,NA,2,5,2,NA,45,2,5,2
"106",2,3,2,4,1,4,4,2,2,2,3,2,2,2,3,2,2,2,2,2,4,2,2,4,3,1,4,4,3,3,NA,NA,2,1,6,1,1,1,1,1,1,1,2,0,0,NA,0,4,1,2,22,2,5,2
"107",1,4,2,4,2,4,2,2,3,2,4,4,5,2,4,4,3,4,3,4,4,2,4,4,5,5,5,4,3,3,NA,NA,2,1,4,NA,1,1,NA,NA,1,NA,2,3,0,NA,0,3,1,2,5,2,4,3
"108",4,4,4,4,2,4,4,1,2,4,2,3,2,2,2,4,2,2,2,4,4,2,2,4,2,4,4,4,2,3,NA,NA,NA,1,5,NA,NA,1,NA,NA,NA,1,2,2,0,NA,0,4,1,1,3,2,5,2
"109",1,3,1,4,5,5,1,3,5,1,5,5,1,3,5,5,1,3,4,5,5,2,3,1,5,4,5,3,4,3,NA,NA,NA,1,4,NA,1,NA,NA,NA,NA,NA,4,0,0,NA,0,4,2,NA,3,2,5,2
"110",2,2,2,4,2,2,2,2,4,1,2,2,2,2,4,5,2,4,4,2,5,2,3,3,4,4,5,2,2,NA,NA,NA,NA,NA,-999,NA,NA,NA,NA,NA,NA,NA,2,3,1,1,0,3,2,NA,2,2,4,3
"111",3,4,4,4,1,4,4,2,2,3,2,1,3,2,2,4,4,1,5,2,2,2,3,5,4,4,2,2,4,3,NA,NA,1,1,5,NA,NA,NA,1,1,1,1,3,0,0,NA,1,3,1,1,8,2,5,2
"112",4,4,4,4,2,4,2,2,2,2,2,4,2,4,5,4,4,4,4,4,2,4,2,5,1,4,4,4,4,3,1,NA,2,1,6,1,1,1,1,1,1,1,2,0,0,NA,0,4,1,2,2,2,4,3
"113",4,4,4,3,3,4,3,2,2,2,1,1,3,2,3,4,3,2,4,3,2,2,2,5,3,2,4,5,4,3,NA,NA,2,1,6,NA,NA,NA,NA,NA,1,NA,2,0,0,NA,0,3,1,1,4,1,4,3
"114",3,2,2,2,2,4,3,2,4,3,4,2,2,2,3,3,2,2,2,4,3,2,3,4,2,4,4,3,4,3,1,NA,1,1,4,NA,NA,NA,NA,1,NA,NA,1,0,0,NA,1,5,2,NA,35,2,4,3
"115",2,2,2,4,4,4,2,2,2,2,4,4,2,4,2,4,2,2,2,2,3,4,3,3,2,3,3,3,2,3,NA,NA,1,1,4,NA,NA,NA,1,NA,NA,NA,2,0,0,NA,2,5,2,NA,22,1,5,2
"116",4,4,4,2,2,4,2,2,3,2,4,2,4,2,3,4,2,3,4,3,4,2,3,3,2,4,4,4,3,3,1,NA,1,1,2,NA,1,NA,NA,1,NA,NA,2,0,0,NA,2,5,2,NA,9,2,4,3
"117",5,5,4,5,1,2,3,1,1,1,1,1,1,1,4,4,2,1,2,3,4,-999,2,4,4,5,5,2,2,3,NA,NA,2,1,4,NA,NA,NA,NA,1,NA,NA,2,2,0,NA,0,3,2,NA,1.5,2,5,2
"118",4,4,2,4,2,3,3,2,2,3,2,2,1,3,2,2,2,2,3,2,3,2,2,4,5,2,2,2,2,3,NA,NA,1,1,4,NA,NA,NA,NA,NA,1,NA,1,0,0,NA,1,5,2,NA,35,1,5,2
"119",2,4,3,5,4,4,4,2,1,2,2,4,2,5,4,-999,2,3,4,2,5,2,1,4,1,5,5,5,4,6,NA,NA,0,NA,6,NA,NA,1,1,1,NA,NA,1,0,0,NA,1,5,2,NA,18,2,5,2
"120",2,2,1,5,5,4,4,5,1,1,2,4,4,4,4,1,4,1,5,5,4,4,1,1,1,2,2,1,1,3,NA,NA,2,6,5,NA,NA,NA,1,NA,NA,NA,2,0,0,NA,0,4,2,NA,11,2,4,3
"121",4,4,3,4,2,3,4,2,3,2,4,4,2,2,4,2,2,2,2,4,4,2,4,4,4,4,4,4,4,3,NA,NA,2,1,2,NA,1,NA,NA,1,NA,1,2,0,0,NA,NA,4,2,2,11,2,4,3
"122",3,3,2,4,2,3,2,2,4,2,2,3,2,3,3,3,2,4,4,3,3,2,2,4,2,4,3,3,2,3,1,NA,3,1,6,1,1,1,1,1,1,1,2,0,0,NA,0,5,1,2,35,2,4,3
"123",4,5,2,4,1,1,5,2,3,5,1,1,1,4,3,2,5,1,1,3,2,1,1,5,4,3,4,3,4,3,NA,NA,2,1,5,NA,NA,1,NA,NA,NA,NA,2,0,0,NA,0,4,1,1,14,2,4,3
"124",2,4,4,4,5,-999,2,4,4,2,3,4,2,4,4,4,2,2,4,4,4,2,4,4,2,2,4,2,4,3,NA,NA,2,1,2,NA,1,NA,1,NA,NA,NA,2,0,0,NA,1,4,1,2,30,2,4,3
"125",5,5,4,2,4,1,4,2,2,4,2,1,4,4,2,4,4,1,2,3,3,2,2,4,1,3,4,3,4,3,NA,NA,2,1,4,NA,1,NA,NA,NA,1,NA,2,0,0,NA,NA,4,1,2,24,2,5,2
"126",4,4,1,2,1,3,4,2,2,3,1,1,4,1,1,1,5,4,1,2,1,1,1,5,3,3,3,3,2,3,1,NA,2,1,6,1,1,1,1,1,1,1,2,0,0,NA,0,4,1,1,10,1,2,2
"127",2,2,3,2,2,2,2,3,4,2,3,4,2,4,3,4,3,2,4,2,5,2,3,4,1,3,5,4,4,4,NA,NA,0,NA,2,NA,NA,NA,1,NA,NA,NA,2,0,0,NA,2,5,2,NA,36,2,5,2
"128",2,5,1,5,4,2,1,2,5,1,5,2,2,5,5,5,2,5,2,5,5,4,5,5,5,3,2,3,4,3,NA,NA,1,1,4,NA,NA,NA,NA,NA,NA,NA,1,0,0,NA,0,4,1,2,3,2,4,3
"129",3,4,1,4,1,3,4,2,2,3,4,2,1,2,3,3,2,1,2,3,4,2,4,4,4,3,4,4,3,3,NA,NA,2,1,6,NA,NA,NA,NA,1,1,NA,2,3,0,NA,0,3,1,1,5,2,4,3
"130",4,5,3,5,1,2,4,2,2,1,1,1,5,2,2,1,2,1,1,2,4,2,1,4,1,2,4,1,1,3,NA,NA,1,1,4,NA,NA,NA,1,NA,NA,NA,2,0,0,NA,2,5,2,NA,16,1,5,2
"131",4,4,4,4,4,4,4,2,2,4,4,2,4,2,2,2,4,4,4,4,2,2,4,5,2,4,4,4,2,3,1,NA,1,2,5,NA,NA,NA,NA,1,NA,NA,2,2,0,NA,0,3,1,2,10,2,5,2
"132",3,5,1,4,1,2,4,2,2,4,4,2,1,2,4,4,2,1,2,5,1,2,4,3,2,4,2,2,4,3,4,1,1,1,4,1,NA,1,1,1,NA,NA,2,1,1,1,1,4,2,NA,18,2,5,2
"133",3,5,2,4,2,4,3,2,2,3,2,1,2,3,2,3,2,2,2,3,2,2,3,4,1,3,4,3,2,3,1,NA,2,1,4,NA,NA,NA,1,1,NA,NA,3,0,0,NA,0,4,2,NA,24,2,5,2
"134",2,5,2,4,1,4,2,2,2,2,2,3,4,2,1,5,4,1,4,2,2,2,2,3,1,4,2,4,4,3,NA,NA,2,1,2,NA,NA,1,NA,NA,NA,1,2,0,0,NA,0,4,1,2,17,1,4,3
"135",3,3,2,3,2,4,4,2,3,4,3,2,1,2,3,3,2,2,4,3,4,2,3,4,3,3,4,3,3,3,NA,NA,2,1,2,1,NA,NA,NA,1,NA,NA,2,2,2,1,0,2,1,2,1,2,5,2
"136",2,2,3,4,2,5,3,2,2,2,4,4,4,3,3,3,2,4,2,5,4,3,2,4,4,4,4,4,4,3,NA,NA,NA,2,2,NA,NA,NA,NA,NA,1,NA,2,0,0,NA,0,5,2,NA,22,2,5,2
"137",3,5,2,4,3,3,3,4,4,3,2,1,3,2,2,4,3,1,3,4,4,4,3,2,4,3,4,4,2,3,NA,NA,2,1,6,NA,NA,NA,NA,1,NA,1,3,2,0,NA,0,3,1,2,0.5,2,5,2
"138",3,3,1,2,4,3,2,2,2,2,2,1,1,2,3,5,2,2,2,2,3,2,1,1,1,3,4,3,2,3,NA,NA,1,1,6,1,NA,1,NA,1,1,1,3,0,0,NA,2,4,1,1,7,2,5,2
"139",2,4,2,2,1,4,3,2,4,3,3,2,3,2,4,4,2,2,3,3,4,2,-999,4,5,4,4,4,4,3,NA,NA,1,1,6,1,1,1,1,1,1,1,3,0,0,NA,0,4,1,1,15,2,4,3
"140",4,4,2,3,1,1,5,2,2,2,1,2,2,4,4,4,4,2,2,5,2,2,2,5,2,4,4,2,4,3,1,5,2,1,2,NA,NA,NA,1,NA,1,NA,2,0,0,NA,0,4,1,2,15,2,5,2
"141",2,3,1,4,4,4,4,2,3,2,2,4,3,2,2,2,2,4,3,5,4,2,2,3,2,4,3,4,2,3,1,NA,1,1,4,1,1,1,1,1,1,1,2,0,0,NA,2,5,2,NA,27,1,4,3
"142",2,1,5,2,1,2,4,4,3,1,3,2,5,2,3,4,1,1,2,1,5,1,3,5,2,1,5,3,1,1,NA,NA,0,NA,4,NA,1,NA,1,NA,NA,NA,2,0,0,NA,1,4,2,NA,43,2,4,3
"143",3,3,2,5,1,4,2,1,2,2,4,4,5,1,3,4,2,3,2,4,4,4,3,5,1,4,3,4,5,3,2,NA,2,1,6,1,1,1,1,1,1,1,2,0,0,NA,2,5,5,NA,27,1,5,2
"144",4,4,3,2,2,4,3,2,2,2,3,1,1,3,3,4,2,2,2,2,4,2,4,3,4,3,4,2,2,3,NA,NA,2,1,2,NA,NA,NA,NA,1,NA,NA,2,2,0,NA,NA,3,1,2,13,2,4,3
"145",3,3,1,2,1,2,3,1,2,1,3,2,3,3,2,5,2,2,4,4,4,2,2,3,1,4,3,4,2,3,NA,NA,1,1,6,1,NA,NA,NA,1,1,NA,2,2,0,NA,0,3,1,2,1,2,4,3
"146",4,4,2,2,1,2,4,2,3,2,2,1,2,3,3,4,2,1,2,2,4,2,3,3,1,3,4,4,3,3,NA,NA,2,1,5,NA,NA,NA,1,1,NA,NA,2,0,0,NA,0,4,1,1,18,2,4,3
"147",3,3,2,2,2,4,4,2,2,2,3,4,2,4,3,4,2,2,4,2,4,2,3,4,2,3,4,3,2,3,NA,NA,1,1,4,NA,NA,NA,1,NA,NA,NA,2,0,0,NA,2,5,2,NA,32,1,5,2
"148",2,2,3,1,5,3,3,4,2,4,1,4,5,4,3,2,3,4,2,3,4,2,2,3,1,1,4,2,3,1,6,NA,0,NA,4,1,NA,NA,1,NA,1,NA,2,0,0,NA,2,5,2,NA,24,2,4,3
"149",4,4,1,3,3,4,5,1,2,4,4,3,2,4,2,4,2,1,2,3,3,3,3,4,2,3,2,2,1,3,NA,NA,1,1,4,NA,NA,1,NA,NA,NA,NA,2,0,0,NA,2,5,2,NA,28,1,4,3
"150",2,4,4,2,1,4,4,2,2,4,3,2,2,3,4,2,2,3,4,3,4,2,4,4,2,3,4,4,2,3,1,NA,1,1,6,1,1,1,1,1,1,1,2,0,0,NA,1,5,2,NA,37,2,4,3
"151",5,5,5,5,2,3,4,1,2,4,1,2,2,2,4,2,2,1,4,2,4,2,4,2,4,2,4,2,2,3,NA,NA,2,1,2,NA,NA,NA,NA,1,NA,NA,2,0,0,NA,2,4,2,NA,15,2,4,3
"152",4,5,2,5,2,3,1,2,3,2,3,2,4,3,3,4,4,2,4,5,3,2,3,2,2,2,5,3,3,1,NA,NA,3,1,6,1,1,1,1,1,1,1,2,2,0,NA,0,3,1,2,10,2,4,3
"153",2,3,2,3,2,3,4,2,2,2,2,2,2,3,3,3,2,2,3,3,3,2,3,4,2,2,4,3,3,3,1,NA,2,1,4,NA,NA,1,NA,NA,1,NA,3,1,0,NA,0,4,1,1,13,1,5,2
"154",4,5,3,4,5,5,4,5,5,2,5,2,5,2,2,4,2,2,2,4,5,2,2,5,1,2,5,5,1,3,1,NA,2,1,4,NA,NA,NA,1,NA,NA,NA,3,0,0,NA,2,5,2,NA,27,2,5,2
"155",5,5,1,2,1,5,5,1,1,5,5,1,1,5,1,3,2,1,1,5,5,1,4,5,1,1,5,1,2,3,NA,NA,2,1,6,NA,NA,NA,NA,NA,NA,1,3,1,0,NA,NA,4,NA,NA,14,2,4,3
"156",2,3,1,3,2,4,4,2,3,2,4,4,2,2,3,3,2,4,2,3,4,2,3,4,4,3,3,3,3,3,NA,NA,2,1,4,1,1,1,1,1,1,NA,2,0,0,NA,2,5,2,NA,26,1,4,3
"157",2,4,2,4,2,2,2,2,2,2,3,1,1,4,3,2,2,1,4,3,3,2,2,4,1,4,4,4,2,3,NA,NA,1,1,4,NA,NA,NA,1,1,NA,NA,2,0,0,NA,2,5,2,NA,23,2,4,3
"158",5,5,2,3,2,3,2,2,4,3,2,2,4,4,4,4,2,3,2,5,4,4,3,4,1,5,4,3,2,3,1,NA,1,1,2,NA,NA,NA,1,1,NA,NA,2,0,0,NA,1,5,1,2,18,2,4,3
"159",2,4,2,2,2,4,4,2,3,2,4,2,4,2,2,4,2,2,4,4,4,2,4,4,2,4,4,4,4,3,NA,NA,2,1,4,NA,NA,1,NA,NA,NA,NA,2,3,0,NA,0,3,1,2,8,2,4,3
"160",2,2,3,2,4,5,2,2,5,2,3,5,5,2,3,5,4,5,5,2,4,5,3,5,2,3,4,3,2,1,6,NA,0,NA,4,1,1,1,1,1,1,1,1,0,0,NA,1,5,2,NA,40,2,5,2
"161",5,5,1,3,4,1,1,2,3,2,1,1,1,3,3,5,3,2,1,5,1,1,1,3,1,2,5,1,1,3,NA,NA,1,1,1,NA,NA,NA,NA,NA,1,NA,2,0,0,NA,2,5,2,NA,20,2,5,2
"162",2,2,2,2,2,4,4,2,2,4,2,3,5,2,4,2,2,5,-999,3,4,2,2,4,4,4,4,4,2,1,3,NA,1,1,2,1,NA,1,NA,1,1,1,1,0,0,NA,1,5,2,NA,25,1,4,3
"163",4,5,1,2,2,1,4,1,1,4,2,2,2,1,1,2,2,1,1,2,3,1,2,5,1,2,5,4,2,3,NA,NA,2,1,2,NA,NA,NA,NA,1,1,NA,2,0,0,NA,1,4,1,1,26,2,5,2
"164",2,4,2,5,2,2,5,2,-999,4,2,4,2,2,2,2,2,2,2,2,4,1,-999,5,3,5,5,3,2,3,NA,NA,1,1,4,NA,NA,NA,NA,NA,1,1,2,2,0,NA,0,3,1,1,9,2,5,2
"165",4,4,3,5,1,3,4,1,2,2,2,2,2,2,3,4,4,2,2,3,4,2,2,5,2,4,4,2,4,3,NA,NA,2,1,4,NA,NA,NA,NA,1,NA,NA,2,2,0,NA,0,3,1,2,4,2,5,2
"166",4,4,4,2,2,4,2,2,4,3,2,2,2,2,4,2,4,2,2,4,4,2,2,4,4,4,4,4,4,3,5,NA,2,1,6,NA,NA,1,NA,NA,1,NA,4,0,0,NA,0,4,1,2,2,2,5,2
"167",3,3,1,2,5,3,2,4,2,2,1,2,1,4,3,2,2,1,2,2,2,2,1,3,2,2,-999,1,2,3,4,6,1,1,4,NA,NA,NA,NA,NA,NA,1,1,0,0,NA,1,5,2,NA,41,1,4,3
"168",2,3,2,-999,2,3,2,2,2,2,2,3,4,2,2,4,2,2,4,2,3,2,2,4,2,3,4,2,2,1,NA,NA,1,1,4,NA,1,NA,NA,1,NA,NA,1,0,0,NA,1,5,2,NA,21,2,4,3
"169",3,5,2,5,2,4,4,1,2,2,4,2,3,2,4,4,2,2,2,4,4,2,4,4,1,4,4,4,4,3,NA,NA,2,1,4,NA,NA,NA,NA,NA,1,NA,2,2,0,NA,0,3,1,1,7,1,4,3
"170",2,2,2,4,2,4,2,2,4,2,2,4,1,2,4,2,1,2,2,5,5,2,4,4,1,4,4,2,1,3,NA,NA,2,1,4,NA,NA,NA,NA,1,NA,NA,2,0,0,NA,0,4,1,2,20,2,5,2
"171",2,2,2,4,2,4,2,2,3,2,4,2,3,2,3,4,2,2,4,2,4,2,3,3,2,4,4,4,2,3,NA,NA,1,1,4,9,NA,NA,1,NA,NA,NA,2,0,0,NA,2,5,2,NA,15,1,4,3
"172",4,5,2,2,1,-999,5,1,2,1,2,1,1,2,1,4,2,1,1,1,1,1,1,5,2,2,5,2,4,3,NA,NA,2,1,6,1,1,1,1,1,1,1,2,0,0,NA,2,5,2,NA,40,2,4,3
"173",2,4,2,4,1,4,4,2,2,4,4,2,1,4,3,2,2,2,4,3,4,2,4,4,4,2,4,3,2,3,NA,NA,NA,1,4,NA,NA,NA,NA,1,NA,NA,2,0,0,NA,2,5,1,2,31,1,4,3
"174",2,3,2,2,1,5,5,2,5,3,2,4,2,4,4,4,2,4,4,4,4,4,4,5,2,3,3,3,4,3,NA,NA,2,1,2,NA,NA,1,NA,1,NA,1,2,0,0,NA,2,5,2,NA,8,2,4,3
"175",3,4,1,4,2,4,5,2,2,2,3,2,2,4,2,2,2,2,2,2,4,2,4,3,4,4,2,4,2,3,NA,NA,1,1,4,NA,1,NA,NA,NA,NA,NA,1,0,0,NA,1,5,2,NA,40,2,4,3
"176",2,5,3,4,1,4,4,2,3,3,4,2,3,2,2,4,2,2,2,3,4,3,3,3,1,4,3,4,4,3,1,NA,1,1,4,1,NA,NA,NA,NA,NA,NA,2,0,0,NA,1,4,1,2,25,2,4,3
"177",4,5,1,2,4,4,4,2,4,1,2,2,1,4,1,4,2,4,-999,2,5,2,1,4,1,4,5,4,4,3,NA,NA,1,1,4,NA,NA,NA,1,NA,NA,NA,2,0,0,NA,2,5,5,NA,34,2,5,2
"178",2,1,2,4,2,5,4,1,3,3,3,4,4,4,3,2,2,4,2,4,3,2,3,3,2,3,3,3,2,3,NA,NA,2,1,4,NA,NA,1,NA,1,NA,NA,2,0,0,NA,2,5,2,NA,30,2,5,2
"179",4,2,1,3,2,4,3,1,5,1,4,2,3,2,4,5,2,2,4,5,5,3,3,2,3,4,4,3,4,3,NA,NA,2,1,5,NA,NA,NA,NA,1,1,1,3,1,0,NA,0,3,1,1,5,2,4,3
"180",4,4,2,2,2,4,4,2,2,4,2,1,2,4,4,4,2,2,2,4,3,2,2,3,2,4,4,4,2,3,1,NA,2,1,4,NA,1,NA,1,NA,1,NA,2,0,0,NA,2,5,2,NA,4,2,4,3
"181",3,4,1,4,1,2,4,1,3,4,4,2,2,2,3,4,2,2,2,3,4,2,3,-999,2,4,4,4,2,3,NA,NA,4,1,2,NA,NA,NA,NA,NA,1,NA,4,0,0,NA,0,4,1,2,16,2,4,3
"182",3,2,1,3,2,2,2,2,4,2,5,2,4,4,2,5,1,1,5,3,4,2,4,5,2,4,4,4,4,3,NA,NA,2,1,5,NA,NA,NA,NA,1,NA,NA,2,0,0,NA,0,4,1,2,14,2,2,2
"183",4,5,3,3,2,2,3,4,3,2,1,2,2,2,3,3,3,3,1,2,4,3,4,5,3,4,3,3,3,3,1,NA,1,1,4,NA,1,NA,NA,NA,NA,NA,2,0,0,NA,2,5,2,NA,24,1,4,3
"184",3,3,1,4,2,2,4,2,2,4,3,2,1,2,3,2,2,2,4,3,3,2,2,5,2,1,5,3,2,3,NA,NA,2,1,4,NA,NA,NA,NA,1,NA,NA,2,0,0,NA,1,5,2,NA,31,2,4,3
"185",1,1,1,1,1,5,4,1,1,1,5,3,1,2,5,2,1,1,1,1,3,1,3,4,1,1,4,4,1,3,NA,NA,0,NA,2,NA,1,NA,NA,NA,NA,NA,2,0,0,NA,2,5,2,NA,17,2,4,3
"186",2,-999,4,2,2,3,2,4,4,2,5,4,2,4,3,2,2,2,5,2,4,2,3,3,1,4,4,5,4,3,NA,NA,1,1,4,NA,NA,NA,1,NA,NA,NA,2,0,0,NA,2,5,2,NA,35,2,2,2
"187",4,5,2,4,2,1,2,2,4,4,4,2,4,2,4,5,3,1,2,4,3,4,4,4,2,4,4,2,4,3,NA,NA,2,1,2,1,NA,NA,NA,NA,NA,NA,2,0,0,NA,0,4,1,2,18,2,4,3
"188",4,5,1,1,2,4,3,1,2,2,4,1,1,1,2,4,2,2,4,3,4,2,4,5,1,2,4,3,4,3,NA,NA,2,1,4,NA,NA,NA,1,1,1,1,NA,NA,NA,NA,NA,NA,NA,NA,NA,NA,2,2
"189",5,1,1,3,3,3,1,3,5,2,1,2,1,3,3,5,2,1,1,4,3,2,3,3,5,5,3,1,4,3,4,6,1,1,2,NA,NA,NA,NA,NA,1,NA,5,2,0,NA,0,3,2,NA,4,2,4,3
"190",2,2,4,4,2,2,4,2,2,4,4,4,4,4,4,2,5,2,5,4,2,2,2,4,2,1,1,3,4,3,NA,NA,1,1,4,1,NA,NA,NA,NA,NA,NA,1,0,0,NA,1,5,2,NA,42,2,2,2
"191",2,4,2,2,1,4,4,2,4,2,1,2,1,2,1,4,2,2,2,2,4,2,4,4,2,4,4,4,2,3,NA,NA,1,1,4,NA,NA,NA,1,NA,NA,NA,2,0,0,NA,2,5,2,NA,11,2,5,2
"192",2,2,4,5,2,4,5,2,4,2,2,4,1,1,4,1,1,4,2,4,5,4,4,4,2,4,4,4,2,3,NA,NA,2,1,4,NA,1,1,1,NA,NA,NA,2,1,1,1,0,2,2,NA,0.5,2,2,2
"193",2,-999,1,2,2,2,1,2,3,1,-999,3,1,4,4,4,2,2,4,2,3,2,3,3,2,4,4,3,2,3,NA,NA,2,1,2,NA,1,NA,1,NA,NA,NA,3,0,0,NA,2,5,2,NA,6,2,4,3
"194",4,4,1,1,1,3,3,2,3,2,2,2,2,2,3,4,4,2,2,3,4,2,2,5,4,3,4,3,4,3,NA,NA,1,1,6,NA,NA,NA,1,NA,NA,NA,1,0,0,NA,1,5,2,NA,20,2,4,3
"195",2,1,1,3,1,5,5,1,3,4,2,4,2,2,4,2,1,3,4,4,4,1,4,4,2,3,4,3,4,3,NA,NA,1,1,6,NA,1,NA,NA,1,NA,NA,1,0,0,NA,1,5,2,NA,1,2,2,2
"196",4,4,2,2,2,2,2,3,4,2,3,2,2,4,3,4,2,2,2,3,3,2,2,3,2,2,4,4,2,3,1,NA,1,1,2,NA,NA,NA,1,NA,NA,NA,2,0,0,NA,2,5,2,NA,15,2,4,3
"197",4,4,3,4,2,3,4,2,4,4,3,2,2,4,3,4,2,2,2,3,4,2,4,4,2,3,3,4,2,3,NA,NA,3,1,5,NA,NA,NA,NA,1,NA,NA,3,1,0,NA,0,4,1,2,18,2,4,3
"198",3,4,4,4,2,2,4,2,2,4,2,2,3,3,3,4,4,2,4,4,2,1,1,5,2,4,5,4,4,3,NA,NA,2,1,4,NA,NA,1,1,NA,NA,NA,2,0,0,NA,1,5,2,NA,43,2,4,3
"199",2,3,3,4,2,4,4,1,1,2,3,4,2,2,4,3,2,2,4,4,4,2,4,5,2,3,4,4,2,3,NA,NA,1,1,4,NA,NA,NA,1,NA,NA,NA,2,0,0,NA,2,5,2,NA,35,1,4,3
"200",2,2,3,2,2,4,2,2,4,2,4,4,1,2,3,4,2,4,4,2,3,2,2,4,2,4,4,4,4,3,NA,NA,2,1,4,NA,1,NA,NA,1,NA,NA,3,0,0,NA,2,5,2,NA,40,2,4,3
"201",4,2,4,4,2,4,4,2,4,4,4,4,2,4,4,2,2,2,4,2,4,2,4,4,4,4,4,3,4,3,1,NA,1,1,4,NA,NA,NA,NA,1,NA,NA,2,0,0,NA,2,5,2,NA,5,2,4,3
"202",2,2,1,2,2,4,3,2,4,2,4,4,1,2,4,2,1,4,4,4,4,2,2,4,2,4,4,4,4,3,4,1,1,1,6,1,1,1,1,1,1,1,2,0,0,NA,2,5,2,NA,26,2,2,2
"203",4,4,3,4,3,4,3,4,4,2,2,4,2,5,5,4,1,5,4,1,5,1,5,5,5,3,5,3,5,3,5,NA,NA,1,4,1,NA,NA,1,NA,NA,NA,2,0,0,NA,NA,4,1,2,20,2,5,2
"204",2,2,2,4,2,4,2,2,4,2,2,4,2,2,3,5,4,4,4,4,4,2,4,4,4,2,4,2,4,3,NA,NA,1,1,4,1,NA,1,NA,1,1,NA,2,0,0,NA,2,5,2,NA,25,1,4,3
"205",2,2,1,2,1,4,4,2,2,4,4,4,4,2,2,2,2,4,4,2,4,2,3,4,2,4,4,4,2,3,NA,NA,2,1,2,1,NA,NA,1,NA,NA,NA,2,0,0,NA,2,5,2,NA,38,2,4,3
"206",3,3,4,2,4,4,2,2,3,3,2,3,2,2,3,2,2,3,2,2,3,2,2,4,2,2,4,2,4,3,NA,NA,1,1,2,1,NA,NA,NA,1,NA,NA,1,0,0,NA,1,5,2,NA,17,1,2,2
"207",2,4,2,2,2,3,2,2,3,2,3,4,4,2,4,4,4,4,4,4,4,2,2,3,3,3,3,3,2,3,1,NA,1,6,6,1,1,1,1,1,1,1,2,0,0,NA,0,3,2,NA,NA,NA,4,3
"208",5,5,4,1,2,1,4,4,4,2,4,1,2,2,4,4,4,1,4,5,4,2,4,2,4,5,4,2,4,3,NA,NA,2,1,5,NA,NA,NA,1,NA,NA,NA,3,1,0,NA,0,3,1,1,9,1,4,3
"209",4,5,2,2,1,4,4,2,3,4,-999,1,2,3,3,4,2,1,2,3,4,2,4,4,2,3,4,4,4,3,NA,NA,2,1,4,NA,NA,NA,NA,NA,1,NA,2,0,0,NA,2,5,2,NA,41,2,4,3
"210",2,2,2,-999,2,4,2,2,2,2,3,2,2,2,2,4,2,3,2,2,4,2,2,4,2,4,4,2,2,3,NA,NA,1,1,4,NA,NA,NA,1,1,NA,NA,2,0,0,NA,1,5,2,NA,45,2,4,3
"211",4,1,5,4,5,2,1,4,5,1,4,5,5,1,5,5,1,5,2,3,5,5,5,1,1,3,5,5,5,1,3,NA,1,1,2,1,1,1,1,1,1,NA,1,0,0,NA,1,5,2,NA,39,2,4,3
"212",4,5,-999,1,1,2,5,1,3,4,1,1,1,4,4,4,2,2,4,4,4,2,3,3,1,3,4,4,2,3,NA,NA,2,1,1,NA,NA,NA,1,NA,NA,NA,2,0,0,NA,0,5,1,2,30,2,4,3
"213",4,5,1,4,1,4,5,2,3,3,4,2,2,2,3,3,2,2,4,4,4,2,3,3,2,3,4,4,4,3,NA,NA,2,1,6,1,1,1,1,1,1,1,2,0,0,NA,2,5,2,NA,30,2,4,3
"214",3,5,4,1,1,4,4,4,2,2,2,4,4,2,4,2,4,2,2,4,3,2,3,4,4,4,4,3,4,3,NA,NA,2,1,6,1,NA,NA,1,NA,NA,NA,2,0,0,NA,NA,4,1,2,19,2,4,3
"215",4,5,3,4,2,2,2,2,2,2,3,2,2,4,4,4,2,2,4,2,3,2,2,5,2,3,5,2,2,1,6,NA,0,NA,4,NA,NA,1,NA,1,NA,NA,2,0,0,NA,2,5,2,NA,4,2,4,3
"216",4,4,2,4,2,2,4,2,2,3,3,3,2,3,3,4,2,2,2,2,3,2,3,4,2,2,4,2,3,3,NA,NA,1,1,4,NA,NA,1,NA,NA,NA,NA,NA,NA,NA,NA,NA,NA,NA,NA,NA,NA,4,3
"217",2,4,1,5,1,4,4,1,5,2,4,1,1,4,4,4,5,1,4,3,5,5,3,1,5,4,5,3,5,3,NA,NA,2,1,6,NA,1,NA,1,NA,NA,1,4,2,1,1,0,3,2,NA,17,2,6,3
"218",4,4,3,4,2,2,4,2,2,4,2,2,4,2,2,4,4,2,2,4,2,2,2,3,2,3,2,3,2,3,NA,NA,1,2,2,NA,NA,1,NA,NA,1,NA,2,2,0,NA,0,4,1,1,13,2,6,3
"219",2,2,3,2,4,4,-999,2,2,1,3,2,4,2,2,-999,3,4,4,2,2,2,1,3,1,2,4,2,2,1,NA,NA,0,NA,4,NA,1,1,NA,NA,NA,NA,1,0,0,NA,1,5,2,NA,24,2,6,3
"220",2,5,5,2,2,3,2,1,4,1,2,3,1,2,3,4,2,1,3,3,4,1,3,5,3,4,5,4,4,3,5,NA,2,1,2,NA,1,NA,NA,1,1,NA,2,0,0,NA,0,4,1,2,17,2,6,3
"221",2,4,1,4,2,3,1,1,4,1,1,4,2,2,4,5,2,4,4,3,4,4,5,2,2,5,4,4,5,3,NA,NA,2,1,4,NA,1,1,NA,NA,NA,NA,2,3,2,1,0,2,2,NA,1,2,6,3
"222",4,2,1,3,1,4,2,2,2,2,3,4,2,2,4,4,4,4,4,2,2,2,2,5,2,4,4,4,4,3,6,NA,1,1,2,1,1,1,1,1,1,1,NA,0,0,NA,2,5,1,2,8,2,6,3
"223",3,4,2,2,1,2,1,2,3,2,2,1,1,2,2,5,2,1,2,4,3,2,4,4,2,3,4,3,4,3,NA,NA,2,1,4,1,NA,1,NA,NA,NA,NA,2,0,0,NA,0,4,1,1,5,2,6,3
"224",4,4,2,2,1,4,4,2,2,4,1,4,4,2,4,4,4,4,4,4,2,1,2,5,4,4,4,2,4,3,NA,NA,2,1,2,NA,1,1,1,1,1,NA,2,0,0,NA,1,4,1,2,20,2,6,3
"225",4,4,2,2,2,2,1,1,4,1,3,2,2,4,3,5,2,2,2,2,4,4,4,4,4,4,4,4,4,3,NA,NA,2,1,5,1,NA,NA,1,NA,NA,1,2,0,0,NA,0,4,1,1,17,2,6,3
"226",3,5,1,1,2,3,3,2,-999,3,2,3,2,1,3,4,1,3,2,5,5,2,3,4,2,4,4,4,5,3,NA,NA,1,1,6,1,1,1,1,1,1,1,2,0,0,NA,0,3,2,NA,0.5,2,3,2
"227",2,3,1,1,1,4,3,1,4,2,4,4,5,2,4,4,3,4,3,2,4,4,4,3,4,4,4,3,4,1,3,6,2,1,4,NA,1,NA,1,NA,1,NA,2,0,0,NA,2,5,2,NA,15,2,3,2
"228",2,3,1,1,3,5,2,3,4,2,3,3,5,1,4,4,1,1,3,3,5,2,4,4,1,3,5,3,2,3,NA,NA,1,1,4,NA,NA,1,NA,NA,NA,NA,3,0,0,NA,2,5,2,NA,30,2,3,2
"229",2,2,1,1,1,1,2,2,1,2,2,1,2,4,1,5,5,1,5,3,2,2,2,2,1,4,4,4,4,3,NA,NA,3,1,3,1,1,1,1,1,NA,NA,4,0,0,NA,0,4,1,2,8,2,3,2
"230",3,3,3,2,2,5,4,4,1,3,2,5,4,4,1,2,4,4,4,4,1,2,2,5,2,1,5,2,2,1,3,NA,1,1,2,NA,1,NA,NA,NA,1,NA,1,0,0,NA,1,5,2,NA,24,2,3,2
"231",5,3,5,2,5,3,3,5,1,1,5,4,4,1,1,2,5,5,1,3,1,1,1,5,1,1,5,5,3,1,5,3,2,1,6,1,1,1,1,1,1,1,2,0,0,NA,2,5,2,NA,32,1,3,2
"232",2,2,2,2,1,2,2,2,2,1,2,4,3,2,3,4,2,4,4,1,4,2,2,2,2,4,4,3,4,3,NA,NA,2,1,5,NA,NA,NA,1,1,NA,NA,2,0,0,NA,2,5,2,NA,33,2,3,2
"233",4,4,5,4,4,4,5,4,1,3,1,1,1,1,1,1,3,1,3,5,3,4,1,5,3,3,2,3,3,3,NA,NA,2,1,6,NA,NA,NA,NA,NA,1,1,2,1,0,NA,NA,4,1,1,15,2,3,2
"234",2,3,2,4,4,4,2,2,4,2,2,2,2,2,4,2,2,3,2,2,4,2,2,3,4,3,4,3,2,3,NA,NA,2,1,4,NA,1,NA,NA,1,NA,NA,2,0,0,NA,2,5,2,NA,27,2,3,2
"235",3,2,2,2,1,4,4,1,1,2,1,1,1,2,1,4,2,2,2,4,3,1,4,5,4,5,5,1,4,3,1,NA,2,1,6,1,1,1,1,1,1,NA,2,3,2,1,0,3,1,2,3.5,2,3,2
"236",4,4,5,3,1,3,2,2,2,2,3,3,3,2,4,4,2,2,4,5,4,5,3,3,2,4,4,3,4,3,NA,NA,2,1,6,NA,NA,NA,NA,NA,1,1,2,1,0,NA,0,3,1,2,3,2,3,2
"237",4,4,2,4,2,2,4,1,2,4,4,2,1,2,3,4,2,1,4,4,4,2,2,4,1,5,2,4,4,3,NA,NA,2,1,2,NA,NA,NA,1,NA,NA,NA,2,0,0,NA,0,4,1,2,26,2,3,2
"238",4,4,2,2,1,2,4,1,5,4,2,1,1,4,2,4,2,2,4,3,4,2,3,4,1,3,4,4,4,3,NA,NA,2,1,5,1,1,NA,NA,NA,NA,1,2,2,1,1,0,3,1,2,3.5,2,3,2
"239",4,3,4,5,5,4,2,5,1,2,1,3,5,2,2,4,5,2,2,4,3,2,1,5,3,1,4,4,2,3,NA,NA,1,1,4,NA,NA,1,NA,NA,NA,NA,2,0,0,NA,2,5,2,9,46,2,3,2
"240",2,3,3,4,5,2,5,4,5,5,4,4,2,4,5,2,2,4,5,3,5,2,4,4,2,4,3,4,4,6,4,NA,0,NA,6,NA,NA,1,NA,NA,NA,NA,1,0,0,NA,1,5,2,NA,37,1,3,2
"241",4,4,4,2,4,2,4,2,3,2,3,2,2,4,2,2,2,2,4,4,3,4,3,5,4,5,3,4,4,1,NA,NA,1,5,4,NA,NA,1,NA,NA,1,NA,1,0,0,NA,0,1,1,2,20,1,3,2
"242",4,5,1,4,3,2,3,4,4,4,2,3,1,2,5,4,2,2,2,3,3,2,5,5,4,4,4,4,3,3,NA,NA,1,2,5,NA,NA,NA,NA,1,NA,NA,2,2,0,NA,0,3,1,1,5,2,3,2
"243",3,3,2,2,5,2,2,4,2,3,1,2,2,2,2,4,3,4,4,2,3,2,1,1,4,3,4,3,4,3,1,NA,3,1,2,NA,NA,NA,1,1,NA,NA,2,3,0,NA,0,3,2,NA,8,2,3,2
"244",2,2,1,5,5,3,2,4,2,1,1,2,1,2,2,1,3,2,4,4,4,1,1,1,4,4,4,4,4,3,NA,NA,1,1,4,NA,NA,NA,1,NA,NA,NA,2,0,0,NA,2,5,2,NA,21,2,3,2
"245",3,2,3,2,4,2,2,2,2,2,3,3,2,2,2,4,3,4,4,2,2,4,1,1,2,4,2,3,4,1,3,NA,1,1,4,1,NA,1,NA,NA,NA,NA,1,0,0,NA,1,5,2,NA,12,2,3,2
"246",2,3,3,4,4,4,2,2,2,2,1,2,3,2,2,4,2,2,3,2,4,2,2,4,3,2,4,3,2,3,NA,NA,1,1,2,NA,NA,NA,NA,NA,NA,1,1,0,0,NA,1,5,2,NA,40,1,3,2
"247",1,3,1,2,1,5,1,3,5,1,5,5,1,2,5,5,1,3,2,3,5,5,3,3,5,5,5,5,3,3,NA,NA,1,1,3,1,NA,1,NA,1,NA,NA,1,0,0,NA,1,5,2,NA,40,2,3,2
"248",4,4,-999,2,2,2,4,2,2,2,2,2,4,2,2,4,4,2,4,4,2,2,2,4,2,2,4,2,4,3,NA,NA,2,1,5,NA,NA,NA,NA,1,NA,NA,2,0,0,NA,0,5,1,1,16,2,3,2
"249",2,4,2,4,2,4,2,2,2,2,2,2,2,2,4,2,4,2,4,4,4,2,2,4,2,2,4,3,4,3,NA,NA,2,1,4,NA,NA,NA,NA,1,1,1,2,2,0,NA,0,4,1,2,12,2,3,2
"250",4,4,4,2,5,2,2,4,5,2,2,2,2,2,4,5,2,2,2,4,4,2,2,2,4,4,5,4,4,4,6,NA,1,2,2,NA,NA,NA,NA,1,NA,NA,2,0,0,NA,1,4,1,2,11,2,3,2
"251",2,3,2,4,2,4,4,2,2,2,4,4,3,4,2,4,2,4,4,2,4,2,4,3,2,4,4,4,4,3,1,NA,1,1,2,NA,NA,NA,NA,1,1,NA,2,0,0,NA,2,5,2,NA,42,2,3,2
"252",2,4,1,2,5,4,5,5,1,1,1,2,4,5,2,4,5,1,4,4,2,4,1,5,2,3,2,2,4,1,NA,NA,1,6,4,NA,NA,NA,NA,1,NA,NA,2,0,0,NA,2,5,2,NA,6,2,3,2
"253",3,3,4,4,2,3,4,2,3,3,3,2,3,2,4,4,2,2,2,4,4,4,2,4,3,4,5,3,2,3,NA,NA,2,1,5,1,NA,NA,NA,1,NA,NA,2,2,0,NA,0,2,2,NA,8,2,3,2
"254",2,2,2,4,2,4,2,2,4,3,2,4,4,2,3,4,2,4,2,3,4,2,4,2,4,4,4,3,2,3,1,NA,1,1,4,NA,1,1,NA,NA,NA,NA,1,0,0,NA,1,5,2,NA,30,1,3,2
"255",4,4,2,2,4,2,2,4,2,2,2,2,2,2,2,5,4,2,4,3,4,4,2,4,3,4,2,4,4,3,2,NA,1,1,5,1,NA,NA,NA,NA,1,NA,2,0,0,NA,0,3,1,2,1,2,3,2
"256",1,-999,5,5,4,5,2,1,4,1,2,4,1,2,2,5,2,2,5,2,4,2,2,5,4,2,2,2,4,3,NA,NA,2,1,4,NA,NA,NA,1,1,NA,NA,2,1,1,2,0,3,2,NA,5,2,3,2
"257",2,-999,2,2,2,2,2,2,2,2,2,4,2,4,4,4,2,2,2,5,2,4,3,2,2,4,4,4,4,3,NA,NA,1,1,6,1,1,1,1,1,1,1,NA,NA,NA,NA,NA,NA,NA,NA,NA,NA,3,2
"258",2,2,2,4,4,2,4,4,2,2,3,3,2,4,4,3,2,2,3,1,3,4,3,3,1,2,3,2,4,3,4,NA,0,NA,5,NA,NA,NA,NA,1,1,NA,1,0,0,NA,1,5,2,NA,33,2,3,2
"259",5,4,1,4,5,1,5,1,1,4,1,1,5,1,1,1,5,1,5,3,3,1,1,5,2,1,5,1,2,1,3,NA,2,1,4,NA,NA,NA,NA,NA,1,NA,2,0,0,NA,0,4,1,2,19,1,3,2
"260",2,2,1,2,1,4,2,2,3,2,2,2,2,4,3,4,2,2,2,2,3,2,3,1,2,2,5,4,2,3,NA,NA,2,1,4,1,NA,NA,NA,1,NA,NA,2,2,1,1,0,2,2,NA,2,2,3,2
"261",2,4,2,2,2,4,2,2,4,2,3,3,2,2,3,4,2,4,2,3,4,3,4,4,4,4,4,2,2,3,NA,NA,1,1,4,1,1,1,1,1,1,1,2,0,0,NA,2,5,2,NA,30,2,3,2
"262",2,5,4,3,2,5,4,1,4,4,4,5,1,1,2,5,4,5,5,3,3,2,4,5,2,4,5,4,2,3,1,4,1,1,6,1,1,1,1,1,1,1,1,0,0,NA,1,4,2,NA,22,1,3,2
"263",2,1,2,4,1,5,2,2,2,3,-999,3,4,4,5,2,1,5,4,3,4,3,4,5,2,4,4,5,4,3,NA,NA,1,1,4,NA,1,NA,1,9,1,NA,1,0,0,NA,1,5,2,NA,43,1,3,2
"264",3,4,5,4,5,2,2,5,2,2,2,2,2,5,2,5,2,2,5,5,2,2,2,2,2,5,5,4,3,4,6,NA,0,NA,4,NA,NA,NA,1,NA,NA,NA,3,0,0,NA,2,5,2,NA,42,2,3,2
"265",3,5,3,2,2,5,2,1,3,2,2,4,4,3,4,5,2,4,3,4,4,3,3,3,1,3,3,3,2,3,1,NA,2,1,4,1,1,1,1,1,1,1,2,0,0,NA,0,4,2,NA,24,1,3,2
"266",2,2,2,2,2,3,3,2,2,3,3,4,4,3,3,2,2,3,2,2,3,2,2,2,2,3,4,2,2,3,NA,NA,1,1,2,NA,1,NA,1,NA,NA,NA,1,0,0,NA,1,5,2,NA,28,2,3,2
"267",4,4,2,5,2,3,4,2,3,4,4,2,2,4,3,3,3,4,2,3,4,2,3,4,4,4,4,4,4,3,NA,NA,2,1,6,1,NA,NA,1,NA,NA,NA,2,2,0,NA,0,3,1,2,3,2,3,2
"268",5,5,2,4,1,2,4,2,4,4,2,2,2,2,3,4,4,2,2,3,4,2,2,4,4,4,4,2,4,3,NA,NA,2,1,5,NA,NA,NA,1,1,NA,NA,2,2,0,NA,0,3,1,1,5,2,3,2
"269",3,4,2,4,2,4,2,2,4,2,2,2,4,2,4,4,2,2,4,4,4,2,4,4,2,4,4,4,4,3,NA,NA,1,1,2,NA,NA,NA,1,NA,NA,NA,2,2,1,1,0,3,2,NA,7,2,3,2
"270",3,2,5,2,2,3,4,2,5,2,3,3,4,2,4,3,2,2,2,3,4,2,3,2,2,4,4,3,2,6,1,NA,0,NA,5,1,NA,NA,NA,1,NA,NA,3,0,0,NA,3,5,2,NA,36,2,3,2
"271",NA,5,5,2,2,2,2,2,3,2,5,2,2,1,2,5,2,2,2,2,5,-999,3,5,5,5,5,5,2,3,NA,NA,2,1,5,NA,NA,1,NA,NA,NA,NA,2,2,0,NA,0,3,2,NA,1,2,3,2
"272",2,2,2,3,2,3,2,2,3,3,3,2,2,1,3,1,2,2,3,2,-999,2,2,3,2,3,3,3,2,6,NA,NA,0,NA,4,NA,1,NA,NA,NA,NA,NA,1,0,0,NA,1,5,2,NA,79,1,3,2
"273",3,2,1,1,1,3,4,2,2,3,2,2,5,5,2,5,3,3,3,2,3,3,2,3,4,4,2,2,4,3,NA,NA,1,1,2,NA,NA,NA,1,NA,NA,NA,2,0,0,NA,2,5,2,NA,20,2,3,2
"274",2,2,3,3,5,2,2,4,4,2,2,3,4,2,4,4,3,2,2,3,3,2,2,3,1,4,5,2,2,1,6,3,0,NA,4,NA,NA,NA,1,NA,NA,NA,2,0,0,NA,2,5,2,NA,57,2,3,2
"275",4,5,5,3,5,2,5,4,3,5,3,1,5,1,3,1,4,4,4,5,3,1,1,5,3,1,5,3,2,3,6,1,1,6,2,1,NA,NA,NA,1,NA,NA,2,0,0,NA,0,3,2,NA,NA,2,3,2
"276",2,4,3,4,1,3,1,1,2,2,2,4,1,2,4,4,3,2,2,3,5,2,3,3,4,4,4,3,3,3,NA,NA,2,1,6,1,NA,NA,NA,NA,NA,NA,2,0,0,NA,0,4,1,2,26,2,3,2
"277",5,5,3,4,2,2,3,1,2,2,1,3,5,3,2,2,2,5,3,3,2,2,2,1,2,1,4,1,2,3,NA,NA,1,1,4,NA,1,NA,NA,NA,NA,NA,1,0,0,NA,1,5,2,NA,15,1,3,2
"278",2,2,4,2,2,4,2,2,2,2,2,2,4,2,4,4,2,4,2,3,2,2,2,4,2,3,4,2,4,3,NA,NA,2,4,6,NA,NA,1,NA,1,1,NA,4,0,0,NA,0,4,1,2,24,2,3,2
"279",5,5,1,1,5,2,2,2,5,3,2,2,4,2,5,4,2,2,4,1,5,4,5,3,4,4,2,5,2,3,NA,NA,1,1,2,NA,1,NA,NA,NA,NA,NA,2,0,0,NA,2,5,2,NA,20,1,3,2
"280",2,5,1,1,1,2,4,2,1,1,1,1,2,4,2,5,3,4,1,3,2,2,1,2,1,3,2,3,2,3,5,NA,1,2,5,1,1,1,1,1,1,1,4,1,0,NA,0,4,1,2,20,2,3,2
"281",2,3,1,2,1,5,1,1,4,2,3,2,1,3,3,5,1,1,4,2,5,4,4,3,1,3,4,5,2,3,1,NA,1,1,6,NA,NA,NA,1,1,1,NA,2,0,0,NA,1,3,1,1,37,2,3,2
"282",4,4,2,2,4,2,2,2,4,4,2,2,2,2,3,3,3,2,2,3,4,2,2,3,2,3,3,3,2,3,2,NA,1,1,6,NA,1,1,NA,NA,NA,NA,1,0,0,NA,1,5,2,NA,50,2,3,2
"283",3,2,2,1,4,1,1,2,1,1,1,4,4,4,1,5,5,1,1,2,1,1,1,5,1,1,4,4,2,3,NA,NA,1,1,2,NA,9,1,NA,NA,NA,NA,1,0,0,NA,1,5,2,NA,42,2,3,2
"284",4,4,1,1,2,1,2,1,5,2,1,1,1,4,4,5,2,1,1,1,4,2,3,2,1,2,4,2,4,3,NA,NA,1,1,4,NA,NA,NA,1,NA,NA,NA,2,0,0,NA,2,5,2,NA,35,2,3,2
"285",2,4,1,5,5,1,5,2,1,4,2,1,1,5,1,2,2,2,1,5,4,2,2,2,5,2,4,2,3,3,NA,NA,2,1,2,NA,NA,1,1,NA,NA,NA,2,0,0,NA,0,4,1,2,10,2,3,2
"286",4,5,2,2,1,3,2,1,3,3,1,1,3,3,1,5,4,3,2,5,1,2,1,5,1,3,4,2,4,3,NA,NA,2,1,4,NA,NA,1,NA,NA,1,NA,3,0,0,NA,1,4,2,NA,20,2,1,1
"287",3,3,2,4,2,1,2,2,3,1,2,3,2,2,4,5,2,1,2,4,2,2,2,2,1,3,5,2,4,3,NA,NA,NA,1,4,NA,NA,NA,1,NA,NA,NA,NA,NA,NA,NA,NA,NA,NA,NA,NA,NA,1,1
"288",2,2,1,1,5,4,2,4,2,2,4,2,2,2,2,4,2,2,2,4,4,4,2,1,4,2,2,2,4,3,NA,NA,2,1,4,1,NA,NA,NA,1,NA,NA,3,0,0,NA,0,4,1,1,10,2,1,1
"289",2,2,4,4,2,4,4,2,2,2,3,2,2,1,4,4,2,4,4,4,4,2,4,4,2,4,4,4,4,3,1,5,1,1,2,1,1,1,1,1,1,1,2,2,0,NA,0,4,1,2,1,2,1,1
"290",3,4,3,2,5,3,1,5,5,1,5,3,4,3,4,5,1,1,1,3,5,3,5,1,4,3,4,3,4,6,4,NA,0,NA,6,NA,1,NA,NA,NA,NA,NA,1,0,1,NA,0,4,2,NA,33,2,1,1
"291",3,2,2,1,4,3,1,4,1,5,3,2,1,2,3,5,3,3,3,3,4,1,3,1,1,2,3,2,3,3,4,6,0,2,4,NA,NA,1,NA,NA,1,NA,2,4,2,1,0,2,2,NA,2,2,1,1
"292",2,4,2,2,2,2,2,2,2,1,3,3,2,4,1,4,3,4,-999,2,3,2,4,1,2,2,4,2,4,1,3,6,1,1,6,NA,1,NA,1,NA,NA,NA,2,0,0,NA,2,5,2,NA,54,2,1,1
"293",2,2,3,2,4,4,2,4,2,4,4,2,2,2,4,4,2,2,2,3,3,2,3,3,4,4,4,4,4,3,6,NA,1,2,2,NA,NA,NA,NA,NA,1,NA,3,0,0,NA,1,4,1,2,26,2,1,1
"294",2,3,3,2,4,4,2,2,5,2,4,4,1,1,4,5,2,2,5,5,4,4,4,1,4,4,4,4,4,1,6,NA,1,NA,6,1,NA,NA,NA,NA,1,NA,4,0,0,NA,0,4,2,2,26,2,1,1
"295",4,1,1,5,1,1,2,1,2,1,1,1,2,4,4,5,2,2,2,4,3,4,3,1,2,4,1,3,4,1,3,6,1,5,2,1,NA,1,1,NA,1,NA,2,2,1,1,0,2,2,NA,6,2,1,1
"296",4,5,4,5,2,3,4,1,4,3,3,1,1,2,3,3,2,1,2,3,5,2,4,4,1,3,4,3,1,3,NA,NA,1,1,5,NA,NA,1,NA,NA,NA,NA,2,1,0,NA,0,4,1,1,7,2,1,1
"297",4,3,2,5,2,4,2,2,2,2,2,2,2,2,3,4,2,2,2,3,4,2,4,4,4,3,4,4,2,3,NA,NA,1,1,4,NA,NA,NA,NA,NA,1,NA,2,0,0,NA,2,5,1,2,25,2,1,1
"298",2,5,3,5,2,4,3,2,4,2,4,4,2,3,4,5,3,2,2,4,4,4,4,5,2,4,4,4,4,3,NA,NA,2,2,5,NA,NA,1,NA,NA,NA,NA,NA,NA,NA,NA,NA,NA,NA,NA,NA,NA,1,1
"299",2,2,4,4,2,4,2,2,2,2,4,4,2,2,1,5,1,1,2,4,4,3,1,1,1,5,5,4,4,3,6,4,1,2,5,NA,NA,NA,NA,1,NA,NA,3,1,0,NA,0,4,1,2,5.5,2,1,1
"300",1,2,2,2,4,4,2,2,3,1,2,2,4,4,3,4,2,2,4,2,4,4,-999,-999,4,4,4,2,2,1,3,NA,0,NA,4,1,NA,NA,NA,NA,1,NA,1,0,0,NA,1,5,2,NA,50,2,1,1
"301",2,2,2,1,4,2,3,1,5,1,1,1,5,2,1,1,1,1,1,1,5,4,3,1,2,3,4,4,2,1,3,NA,1,5,4,1,NA,1,NA,1,NA,NA,2,2,0,NA,0,4,1,2,14,2,1,1
"302",1,1,-999,1,5,2,1,5,1,1,1,2,1,3,1,5,1,4,4,3,1,1,1,1,1,1,5,2,2,6,NA,NA,0,NA,4,NA,1,NA,1,NA,1,NA,1,0,0,NA,1,5,2,NA,53,2,1,1
"303",2,2,3,2,3,2,2,3,2,3,2,2,2,3,2,-999,2,2,2,3,3,1,1,3,1,3,3,3,2,6,4,NA,0,3,4,NA,NA,NA,NA,1,NA,NA,1,0,0,NA,1,5,2,NA,50,2,1,1
"304",5,5,1,2,5,1,4,4,5,4,4,1,1,5,3,1,2,2,2,3,5,2,3,2,2,4,4,2,3,3,NA,NA,1,2,5,NA,NA,NA,NA,1,NA,NA,2,0,0,NA,0,4,2,NA,32,2,1,1
"305",3,2,4,-999,2,5,5,3,2,5,3,5,3,2,1,4,2,4,2,2,3,2,2,4,2,4,4,2,2,3,NA,NA,1,1,1,NA,1,NA,NA,1,NA,NA,3,0,0,NA,2,5,2,NA,31,1,1,1
"306",3,3,5,2,4,2,2,2,4,2,2,2,3,4,4,5,2,3,4,3,5,2,-999,3,1,4,3,4,4,6,3,4,1,1,4,1,NA,NA,1,NA,NA,NA,2,0,0,NA,2,5,2,NA,40,2,1,1
"307",2,2,4,4,4,3,1,2,4,1,2,3,4,1,4,5,4,3,4,2,3,4,3,1,2,4,3,2,2,1,NA,NA,0,NA,4,NA,1,NA,1,NA,NA,NA,1,3,1,1,0,2,2,NA,1,2,1,1
"308",5,4,5,5,1,1,5,1,1,5,5,1,4,5,1,3,4,1,2,5,3,1,1,3,5,3,4,2,4,3,1,NA,1,1,5,NA,NA,NA,1,NA,NA,NA,3,0,0,NA,0,4,1,1,10,2,1,1
"309",4,4,-999,3,2,4,2,2,3,2,4,3,4,4,3,4,2,3,3,4,3,3,4,3,5,5,4,5,4,1,3,NA,1,1,6,1,1,1,1,1,1,1,1,0,0,NA,0,5,1,2,22,1,1,1
"310",2,4,5,4,5,4,2,5,5,2,5,4,4,4,4,5,4,-999,2,2,4,4,4,1,2,3,3,2,4,3,6,NA,0,NA,4,NA,NA,NA,1,NA,NA,NA,2,2,0,NA,1,3,2,NA,4,2,1,1
"311",NA,2,2,2,-999,3,2,2,2,2,-999,4,1,2,4,5,2,-999,3,2,4,3,3,1,1,1,2,2,2,3,NA,NA,2,1,2,NA,NA,NA,NA,NA,1,NA,2,0,0,NA,2,5,2,NA,23,2,1,1
"312",2,2,1,2,2,4,4,2,2,4,2,4,1,2,4,5,2,2,2,2,4,2,4,1,2,3,4,3,2,3,6,NA,1,1,4,1,NA,1,NA,1,1,NA,2,0,0,NA,2,4,2,NA,5,2,1,1
"313",2,4,2,2,4,3,2,2,4,2,3,2,2,4,3,3,2,2,3,2,3,3,3,1,2,2,3,1,2,3,NA,NA,1,1,4,1,NA,NA,NA,1,NA,NA,2,1,0,NA,2,5,2,NA,22,1,1,1
"314",4,2,1,2,4,2,2,2,2,2,2,1,1,4,4,5,1,1,4,4,2,1,1,2,4,4,5,4,5,3,NA,NA,1,2,1,NA,1,NA,1,NA,NA,NA,1,0,0,NA,NA,4,1,1,13,1,1,1
"315",2,2,3,2,2,4,2,2,4,2,5,4,4,2,2,4,4,4,4,4,2,4,2,4,4,4,4,4,4,6,4,NA,0,NA,2,NA,1,NA,NA,1,NA,NA,1,0,0,NA,1,5,2,NA,30,2,1,1
"316",2,2,3,2,3,3,2,2,2,2,3,3,4,3,4,4,2,2,2,3,4,4,2,2,4,5,4,5,4,1,6,3,0,NA,4,NA,1,NA,NA,NA,NA,NA,2,3,0,NA,0,2,2,NA,5.5,2,1,1
"317",4,3,1,2,4,3,3,2,4,1,3,1,1,2,2,4,2,1,3,4,4,2,3,4,1,4,3,2,2,3,NA,NA,1,1,6,NA,NA,NA,NA,NA,NA,1,1,4,1,2,0,3,2,NA,5,2,1,1
"318",4,4,2,4,1,2,4,2,5,3,3,2,3,4,3,3,2,2,2,2,4,4,4,2,4,3,4,4,4,3,NA,NA,1,1,4,NA,NA,NA,NA,1,1,NA,2,1,0,NA,0,3,2,NA,2,2,1,1
"319",2,4,1,3,1,3,4,1,2,2,2,3,3,4,4,4,3,2,3,4,3,4,4,3,2,3,4,3,3,3,2,NA,2,1,5,NA,NA,NA,1,NA,NA,NA,4,1,0,NA,0,1,NA,NA,5,2,1,1
"320",3,4,3,1,2,4,1,4,1,1,2,2,4,4,1,5,4,2,2,3,2,4,2,3,4,4,2,4,4,6,4,1,0,NA,4,1,NA,NA,NA,1,1,NA,4,2,0,NA,1,4,2,NA,4,1,1,1
"321",2,2,1,2,4,3,2,4,2,1,3,4,2,2,1,5,2,4,4,3,2,2,1,3,4,4,4,4,4,3,6,1,1,1,4,1,1,1,1,1,NA,NA,2,0,0,NA,2,5,2,NA,3,2,1,1
"322",2,3,4,3,4,4,4,4,2,3,3,4,4,2,4,3,2,4,2,2,4,2,3,2,4,4,4,4,2,1,NA,NA,0,NA,2,NA,NA,NA,1,1,NA,NA,1,0,0,NA,0,3,2,NA,3,1,1,1
"323",4,4,5,1,4,2,4,3,3,2,3,2,2,4,1,4,2,2,2,3,3,2,2,2,2,3,4,2,2,6,1,4,0,NA,2,1,NA,1,NA,1,NA,NA,1,3,0,NA,1,4,2,NA,10,2,1,1
"324",5,5,-999,-999,3,1,5,4,-999,4,1,1,3,2,5,2,4,1,5,4,2,2,1,4,5,4,4,1,2,3,6,NA,2,1,5,NA,NA,1,NA,NA,1,NA,2,0,0,NA,0,4,1,1,17,2,1,1
"325",4,-999,-999,2,-999,-999,2,3,-999,2,-999,4,3,-999,1,1,2,-999,2,2,5,4,-999,4,4,4,5,-999,4,6,NA,NA,0,NA,4,NA,1,NA,NA,NA,1,NA,1,0,0,NA,1,5,2,NA,35,2,1,1
"326",2,2,2,4,4,4,4,2,2,2,2,2,2,2,2,4,4,4,2,4,3,4,2,2,4,2,2,2,4,3,4,NA,1,1,4,NA,NA,NA,1,NA,NA,NA,2,2,0,NA,0,4,1,2,18,2,1,1
"327",2,2,5,4,2,5,2,2,2,2,4,4,4,2,4,4,2,4,3,4,3,2,4,2,4,4,4,4,4,1,4,NA,0,NA,2,1,NA,NA,1,NA,1,NA,1,0,0,NA,1,5,2,NA,36,2,1,1
"328",1,2,3,2,3,2,2,2,2,2,2,2,2,2,2,4,2,2,2,2,3,2,2,2,3,3,3,2,2,6,NA,NA,2,3,6,1,NA,1,NA,1,NA,NA,NA,NA,NA,NA,NA,2,NA,NA,NA,2,1,1
"329",3,2,5,4,-999,4,2,2,5,1,3,4,4,2,4,4,3,4,2,4,4,4,4,2,5,3,5,2,4,1,3,4,1,2,6,NA,NA,1,NA,NA,NA,1,2,4,1,1,0,2,1,2,1,2,1,1
"330",NA,-999,-999,-999,5,-999,4,-999,-999,-999,3,-999,-999,3,2,-999,-999,2,3,2,2,3,1,3,2,3,3,3,3,3,4,NA,0,NA,4,NA,NA,NA,1,NA,NA,NA,1,0,0,2,1,5,2,NA,53,2,1,1
"331",3,4,3,2,2,2,2,4,2,2,3,2,2,4,4,4,4,2,4,3,4,3,2,2,4,4,3,3,4,3,4,NA,0,2,5,NA,NA,NA,NA,NA,1,NA,1,0,0,NA,0,3,1,1,1,2,1,1
"332",3,4,1,5,5,-999,2,4,4,2,2,1,1,4,5,3,1,1,-999,3,5,2,5,5,1,3,4,3,2,3,NA,NA,1,1,4,NA,NA,NA,NA,1,NA,NA,3,0,0,NA,1,4,2,NA,18,2,1,1
"333",4,4,1,1,5,2,1,4,5,1,4,1,2,2,4,5,1,1,5,1,5,4,-999,1,4,3,2,2,4,3,NA,NA,1,1,4,NA,1,1,NA,NA,NA,NA,2,0,0,NA,2,5,2,NA,18,2,1,1
"334",2,4,3,1,1,3,2,5,5,1,5,4,2,3,5,5,2,1,4,1,4,2,4,4,2,3,4,4,5,6,4,3,0,NA,6,1,NA,1,NA,NA,1,NA,1,4,4,1,0,4,2,NA,24,2,1,1
"335",3,2,2,2,2,3,2,2,3,2,3,3,4,2,4,5,2,2,2,2,4,3,4,4,1,3,4,3,4,1,NA,NA,1,1,4,NA,NA,1,NA,NA,1,NA,2,0,0,2,2,5,2,NA,54,2,1,1
"336",3,3,2,4,2,5,2,2,4,2,2,2,3,3,2,4,1,2,4,2,4,2,1,4,3,2,2,4,2,3,NA,NA,1,5,4,NA,NA,NA,NA,1,NA,NA,2,0,0,NA,2,5,2,NA,37,1,1,1
"337",3,3,1,3,2,3,4,2,2,2,2,3,1,4,2,3,3,2,2,3,3,2,1,2,4,3,3,3,4,1,3,4,1,1,6,NA,NA,NA,NA,1,1,NA,2,0,0,NA,1,4,2,NA,25,2,1,1
"338",3,4,3,1,2,1,2,2,5,3,3,2,2,3,4,4,4,1,1,3,4,4,3,4,4,3,5,4,2,1,4,6,0,NA,6,1,1,1,1,1,1,NA,5,3,1,1,0,4,2,NA,25,2,1,1
"339",NA,4,2,5,5,2,2,4,4,2,4,3,2,2,4,4,2,2,2,3,4,2,2,4,2,4,4,4,4,3,NA,NA,1,4,5,NA,NA,1,NA,NA,NA,NA,2,0,0,NA,0,4,1,2,28,2,1,1
"340",3,4,1,4,4,4,1,2,5,1,1,4,5,2,5,5,1,1,5,5,5,4,4,4,4,4,4,4,4,3,NA,NA,2,1,6,NA,NA,NA,NA,NA,1,1,3,0,0,NA,0,4,1,1,17,2,1,1
"341",3,2,2,4,2,2,3,2,5,3,3,2,2,3,3,2,2,2,3,1,4,2,2,4,4,3,3,3,2,3,NA,NA,2,1,4,NA,NA,1,NA,NA,NA,NA,2,0,0,NA,1,4,2,NA,32,2,1,1
"342",2,4,5,2,2,2,1,1,1,2,2,1,3,3,2,4,4,4,4,2,2,2,1,3,1,5,4,2,2,6,3,1,1,2,6,1,NA,NA,NA,1,1,NA,3,1,0,NA,0,4,1,2,16,2,1,1
"343",3,4,4,2,4,4,2,4,2,2,2,2,2,2,2,4,2,2,2,3,4,2,2,3,2,3,4,3,2,6,4,NA,2,3,2,1,1,1,1,1,NA,NA,3,0,0,NA,0,4,1,2,29,2,1,1
"344",NA,-999,-999,-999,-999,-999,-999,-999,-999,-999,-999,-999,-999,-999,-999,-999,-999,-999,-999,-999,-999,-999,-999,-999,-999,-999,-999,-999,-999,3,NA,9,1,1,4,NA,1,1,NA,1,NA,NA,2,0,0,NA,1,NA,1,88,NA,2,1,1
"345",3,1,3,4,5,3,2,5,5,3,2,2,2,1,1,2,2,2,2,2,3,2,1,1,2,2,4,2,2,3,NA,NA,NA,1,4,NA,1,NA,NA,NA,NA,NA,3,0,0,NA,2,5,2,NA,50,2,1,1
"346",2,3,4,4,3,4,2,2,4,2,4,3,4,2,4,4,2,4,2,3,4,2,2,3,4,4,2,2,4,3,NA,NA,NA,1,4,NA,NA,NA,1,NA,1,NA,2,0,0,NA,2,5,2,NA,33,2,1,1
"347",2,2,2,4,4,4,2,4,3,2,3,4,2,3,3,4,2,4,4,2,3,2,2,2,2,4,2,4,4,3,6,4,2,1,2,NA,1,NA,1,NA,1,1,5,1,1,1,2,4,2,NA,30,1,1,1
"348",2,2,4,4,4,2,2,4,2,2,4,2,1,2,2,5,2,2,4,2,4,2,2,1,4,5,4,5,4,4,1,6,0,1,6,NA,1,NA,NA,NA,1,NA,2,2,0,NA,0,2,2,NA,2.5,2,1,1
"349",NA,2,-999,2,-999,1,1,3,-999,2,2,-999,2,-999,3,4,2,2,2,4,4,4,4,4,2,2,4,2,2,6,4,NA,0,NA,2,NA,NA,NA,NA,1,1,NA,1,0,0,NA,1,5,2,NA,54,2,1,1
"350",4,5,5,2,2,1,1,3,4,2,1,2,4,4,3,5,3,1,1,1,2,3,1,1,2,1,2,1,3,3,1,5,1,1,6,NA,NA,NA,NA,1,NA,NA,3,0,0,NA,0,4,2,NA,48,1,1,1
"351",4,4,2,2,3,3,3,4,4,3,3,2,3,2,3,4,2,2,3,4,4,4,3,3,4,3,3,3,4,3,NA,NA,1,1,6,NA,NA,NA,NA,1,1,NA,1,2,0,NA,0,3,1,1,2,2,1,1
"352",4,2,1,1,2,4,2,2,2,1,4,4,1,4,3,4,3,2,4,4,4,2,2,1,3,4,4,2,2,3,NA,NA,1,1,4,1,1,1,1,1,1,1,3,0,0,NA,2,5,2,NA,33,1,1,1
"353",4,2,3,1,1,2,2,2,4,2,3,2,2,2,3,3,2,2,2,3,4,3,4,3,3,4,4,4,4,3,NA,NA,1,2,4,NA,NA,NA,NA,1,1,NA,2,3,1,1,0,2,2,NA,6,2,1,1
"354",4,4,2,2,4,3,2,4,3,2,2,2,2,3,3,2,2,4,3,3,4,3,3,2,4,4,4,4,3,3,2,NA,1,1,6,1,1,NA,1,1,NA,1,2,0,0,NA,0,3,1,1,20,1,1,1
"355",4,4,1,3,2,2,4,3,2,2,2,2,1,3,3,4,2,1,2,3,4,2,2,3,2,1,5,3,1,3,NA,NA,1,1,6,NA,NA,NA,NA,NA,1,NA,2,0,0,NA,0,5,1,1,8,1,1,1
"356",2,2,2,2,2,1,4,4,4,4,2,2,2,4,4,4,2,2,4,2,4,4,4,4,2,2,2,2,4,4,NA,NA,0,NA,2,1,NA,1,NA,NA,NA,NA,2,0,0,NA,1,4,2,NA,10,2,1,1
"357",2,2,1,4,4,4,1,2,2,1,2,2,1,2,3,5,4,4,4,3,4,2,2,1,2,4,4,4,4,3,1,4,1,1,4,1,1,1,1,1,NA,NA,2,2,0,NA,0,3,2,NA,8,2,1,1
"358",5,5,4,2,4,2,2,5,2,2,3,2,2,4,4,5,4,2,4,3,4,4,3,2,3,3,4,4,4,3,NA,NA,1,1,6,1,1,1,1,1,1,1,1,0,0,NA,0,4,1,1,1,2,1,1
"359",2,2,3,3,4,1,5,5,4,5,3,5,5,2,5,5,5,5,3,4,1,4,-999,5,1,5,2,5,3,3,1,NA,1,1,6,NA,NA,1,NA,NA,1,1,2,0,0,NA,2,4,1,2,5,1,1,1
"360",1,4,-999,2,3,1,1,2,3,1,3,2,1,3,2,1,2,2,2,2,1,2,1,1,4,1,1,1,1,6,4,NA,0,NA,4,1,NA,1,NA,NA,NA,NA,2,4,1,1,0,3,2,NA,2,2,1,1
"361",2,2,1,5,1,2,-999,4,3,2,4,-999,2,1,3,5,1,1,4,4,4,5,3,1,1,5,5,2,2,3,NA,NA,2,1,6,NA,1,NA,NA,NA,1,NA,2,0,0,NA,0,5,2,NA,2,2,1,1
"362",2,2,5,1,1,2,3,4,1,3,1,3,3,3,1,3,5,3,5,3,3,3,1,3,3,3,3,2,3,3,NA,NA,1,6,6,1,1,1,1,1,1,1,2,1,0,NA,0,4,2,NA,18,2,1,1
"363",3,2,4,5,2,3,4,2,4,4,4,3,4,2,4,4,2,2,4,5,5,5,5,3,2,3,4,4,4,1,NA,NA,0,NA,4,NA,NA,NA,NA,1,1,NA,4,1,0,NA,0,4,1,2,21,2,1,1
"364",4,5,2,2,1,2,4,1,1,1,2,2,4,5,1,5,2,2,4,5,4,4,3,5,1,4,4,2,2,1,4,NA,0,NA,2,NA,NA,NA,1,NA,NA,NA,4,1,0,NA,1,4,2,NA,40,1,1,1
"365",2,2,3,4,2,2,1,4,2,2,4,4,1,2,4,5,1,2,1,2,4,1,2,4,1,4,1,4,4,4,NA,NA,0,NA,6,NA,1,NA,1,1,1,NA,2,0,0,NA,2,5,2,NA,2,1,1,1
"366",4,2,-999,4,4,4,3,3,2,1,2,2,2,4,4,5,2,4,4,4,2,4,3,2,4,2,4,2,2,NA,NA,NA,NA,NA,-999,NA,NA,NA,NA,NA,NA,NA,1,0,0,NA,1,5,2,NA,6,1,1,1
"367",2,2,3,2,2,3,3,2,4,2,2,3,3,2,3,4,2,2,2,2,3,2,3,2,2,4,4,3,2,6,4,NA,0,NA,6,1,NA,1,NA,1,1,NA,2,2,0,NA,0,2,1,2,3,2,1,1
"368",4,4,1,5,4,2,4,5,2,2,3,2,2,4,2,4,1,1,2,4,4,4,4,4,1,5,5,4,2,3,4,NA,1,1,5,NA,NA,NA,1,NA,NA,NA,3,0,0,NA,1,3,2,NA,6,1,1,1
"369",4,3,1,4,2,1,1,1,5,1,4,3,1,1,3,5,2,2,4,3,5,1,4,3,1,5,4,1,5,1,NA,NA,1,1,6,1,1,1,1,1,1,1,2,0,0,NA,2,5,2,NA,3,2,1,1
"370",3,2,1,2,2,1,2,2,2,2,4,4,2,4,4,5,2,1,2,4,5,1,2,5,4,2,5,2,1,3,NA,NA,1,1,4,1,NA,NA,1,NA,1,NA,2,0,0,NA,2,5,2,NA,53,1,1,1
"371",3,4,2,4,3,3,4,2,3,3,3,1,2,3,3,2,2,2,2,2,4,1,4,4,5,3,5,3,2,3,4,6,1,2,5,NA,NA,NA,NA,NA,1,NA,2,0,0,NA,0,3,1,1,6,2,1,1
"372",4,5,3,2,5,4,1,5,5,1,2,1,2,2,1,3,4,2,5,-999,2,1,1,5,5,1,5,-999,2,3,6,NA,1,2,6,1,NA,NA,NA,1,NA,NA,2,0,0,NA,1,5,2,NA,37,2,1,1
"373",2,2,2,2,2,3,2,2,4,2,3,3,4,2,3,4,2,2,2,2,4,4,2,1,2,2,4,3,3,6,3,1,1,3,6,1,1,1,1,1,1,NA,3,1,0,NA,0,3,2,NA,5,2,1,1
"374",3,3,4,2,2,3,3,2,4,2,3,2,3,2,3,4,2,1,4,-999,4,3,3,4,4,3,4,3,2,3,NA,NA,1,1,4,NA,NA,NA,NA,1,NA,NA,2,2,0,NA,0,2,1,1,4,2,1,1
"375",2,2,3,1,5,3,4,2,4,2,3,2,4,4,3,4,1,1,4,3,4,4,4,2,1,4,4,4,4,1,NA,NA,0,NA,2,NA,NA,NA,1,1,NA,NA,2,0,0,NA,0,4,1,2,37,2,1,1
"376",3,2,5,5,5,2,4,2,4,2,1,1,2,2,1,3,2,2,4,3,4,4,4,1,1,2,4,2,2,6,NA,NA,0,NA,4,1,NA,NA,NA,NA,NA,NA,1,1,0,NA,0,3,2,NA,7,2,1,1
"377",4,4,4,5,1,2,2,1,4,3,2,4,2,2,4,4,2,2,4,4,4,2,4,2,5,4,4,4,4,3,6,NA,1,2,5,NA,1,NA,NA,1,NA,NA,2,2,0,NA,0,3,1,2,4,2,1,1
"378",3,3,2,2,4,3,2,2,3,2,3,2,2,2,3,4,2,2,3,3,4,2,2,3,4,4,4,4,4,1,4,NA,0,NA,4,NA,NA,NA,NA,NA,1,NA,3,1,0,NA,0,3,1,1,10,2,1,1
"379",3,5,4,4,4,5,5,2,4,4,4,2,5,5,4,4,4,2,2,4,3,2,4,2,3,4,4,4,4,3,NA,NA,2,1,5,NA,NA,NA,NA,1,NA,NA,2,2,0,NA,0,3,1,2,3,1,1,1
"380",1,1,4,4,4,5,3,1,3,3,4,4,2,3,4,3,2,2,3,4,4,3,4,4,5,4,3,4,2,3,6,NA,0,NA,2,NA,NA,NA,NA,NA,1,NA,1,0,0,NA,1,5,2,NA,20,2,1,1
"381",2,3,4,4,2,4,1,2,4,1,4,4,1,2,3,5,1,1,2,2,4,4,3,2,2,5,4,5,2,3,NA,NA,2,1,6,1,1,1,1,1,1,1,2,2,1,1,0,2,1,1,1.5,2,1,1
"382",2,2,1,4,2,3,5,4,5,1,2,3,3,2,4,1,2,2,4,3,5,2,2,1,3,3,4,4,4,3,NA,NA,1,1,4,NA,NA,NA,NA,NA,1,NA,2,0,0,NA,2,5,2,NA,46,2,1,1
"383",5,5,1,4,2,1,1,1,3,2,3,1,1,2,4,5,2,1,1,1,4,4,2,3,4,4,2,2,2,3,NA,NA,2,1,2,NA,1,NA,NA,1,NA,NA,4,1,0,NA,0,4,1,2,22.5,2,1,1
"384",2,2,2,4,2,2,4,2,4,1,4,4,2,4,4,2,1,4,4,1,4,1,4,5,5,2,5,4,5,3,NA,NA,2,1,6,1,1,1,1,1,1,1,2,2,0,NA,0,3,2,NA,18,2,2,2
"385",4,4,4,4,2,1,2,2,4,1,2,1,2,2,4,4,4,2,2,3,4,2,4,4,4,4,4,4,2,3,NA,NA,2,1,6,NA,1,NA,1,NA,1,NA,3,2,0,NA,0,4,1,2,6,2,2,2
"386",5,5,4,2,2,1,3,2,3,3,3,2,4,2,4,3,2,1,2,3,4,3,4,3,4,3,-999,4,4,3,NA,NA,1,1,5,NA,NA,NA,NA,1,NA,NA,1,2,0,NA,0,3,1,1,0.5,2,2,2
"387",2,2,5,3,4,3,5,5,2,2,3,3,4,3,2,3,3,4,2,3,3,3,2,5,3,4,4,4,2,3,1,NA,1,5,4,NA,NA,NA,NA,NA,1,NA,2,0,0,NA,0,4,1,1,26,2,2,2
"388",3,3,2,1,4,5,4,2,2,4,2,3,3,2,4,2,3,2,1,5,3,2,1,2,4,3,2,2,2,3,NA,NA,2,1,5,NA,NA,NA,1,1,NA,NA,1,0,0,NA,0,4,2,NA,40,1,2,2
"389",3,3,3,4,2,4,2,2,4,3,3,3,2,2,4,3,2,2,4,4,4,3,4,5,3,4,3,4,4,3,NA,NA,1,1,6,NA,NA,NA,NA,NA,1,NA,2,0,0,NA,0,2,1,1,2,1,2,2
"390",5,4,1,2,2,5,1,1,5,1,4,1,1,2,1,4,2,1,2,2,4,4,4,2,5,4,4,2,4,3,NA,NA,2,1,2,1,NA,NA,1,NA,NA,NA,3,1,0,NA,0,4,2,NA,3,2,2,2
"391",4,4,2,2,4,2,4,4,4,4,2,2,2,4,2,4,2,2,4,4,4,2,4,4,2,4,4,2,2,3,NA,NA,1,1,2,1,1,1,1,1,1,1,3,0,0,NA,0,4,2,NA,16,2,2,2
"392",2,2,5,2,1,2,2,2,5,1,4,1,1,2,4,5,1,1,5,1,5,2,4,1,2,2,2,2,5,3,NA,NA,1,1,4,1,NA,NA,1,NA,NA,NA,4,0,0,NA,0,4,2,NA,28,2,2,2
"393",4,4,1,1,1,1,1,1,4,1,1,1,1,2,4,4,1,1,1,1,2,-999,3,3,2,2,4,2,2,3,NA,NA,2,1,5,NA,NA,NA,1,NA,NA,NA,2,0,NA,NA,0,4,2,NA,25,2,2,2
"394",4,4,4,4,2,2,2,4,4,3,4,2,4,4,4,5,4,2,5,2,4,4,3,4,1,4,4,2,2,3,NA,NA,1,5,6,NA,NA,NA,NA,NA,NA,NA,2,2,1,1,0,2,1,2,1,2,2,2
"395",4,4,3,2,5,2,3,4,2,2,4,1,1,4,2,5,2,1,4,4,3,4,2,4,4,4,4,4,4,1,4,NA,1,3,2,NA,NA,1,NA,NA,NA,NA,2,0,0,NA,0,4,1,2,23,2,2,2
"396",1,1,1,1,4,4,2,2,2,1,2,1,1,4,3,4,1,2,2,2,4,3,4,3,2,1,2,2,2,3,NA,NA,1,1,6,NA,NA,1,1,NA,NA,NA,1,0,0,NA,1,2,2,NA,1,2,2,2
"397",2,2,4,2,2,4,4,2,2,4,4,4,4,2,4,4,2,4,2,3,4,2,3,3,4,4,4,3,4,3,5,1,1,1,6,NA,1,NA,NA,1,NA,NA,2,0,0,NA,1,4,2,NA,1,2,2,2
"398",3,2,3,3,4,3,2,3,2,2,3,3,4,2,2,5,3,2,4,5,3,3,2,4,1,3,3,2,2,3,NA,NA,1,1,6,NA,NA,NA,NA,1,1,NA,1,1,0,NA,0,3,1,1,17,2,2,2
"399",2,2,1,1,1,2,2,2,2,2,3,4,2,4,4,4,1,1,4,2,4,4,4,4,4,4,4,4,2,3,NA,NA,1,5,2,NA,NA,NA,NA,NA,1,NA,3,2,1,1,0,3,2,NA,3,2,2,2
"400",1,1,2,4,1,4,2,1,4,2,3,3,2,2,3,4,3,4,4,3,3,4,3,2,4,4,4,4,4,3,NA,NA,1,1,6,1,1,1,1,1,1,1,2,0,0,NA,0,3,1,1,0.5,2,2,2
"401",2,3,4,3,2,4,3,2,2,3,3,4,3,3,4,4,4,2,3,3,4,2,3,4,2,3,5,3,2,1,3,6,2,1,5,NA,1,NA,NA,NA,NA,NA,3,0,0,NA,2,5,2,NA,46,2,2,2
"402",1,1,2,4,2,4,4,1,4,2,2,3,1,2,4,5,1,1,2,2,5,4,3,1,5,4,5,2,4,3,1,NA,1,1,2,NA,NA,NA,NA,NA,NA,1,2,0,0,NA,2,5,2,NA,25,1,2,2
"403",3,3,3,4,2,3,4,1,3,2,2,2,2,2,3,3,2,2,2,5,4,2,3,4,5,3,3,3,2,3,NA,NA,2,1,5,1,1,1,1,1,1,1,2,0,0,NA,0,2,1,1,2,2,2,2
"404",3,4,3,4,2,3,3,1,2,2,1,1,2,2,3,4,2,1,2,3,3,2,3,2,2,3,3,3,3,3,NA,NA,1,2,4,NA,NA,NA,NA,NA,1,NA,2,0,0,NA,0,3,1,1,1,1,2,2
"405",2,2,4,2,3,4,2,2,3,2,4,2,4,2,2,2,4,2,2,2,2,2,2,4,4,4,4,4,4,3,4,6,0,NA,2,NA,NA,NA,NA,1,1,NA,3,1,0,NA,0,4,1,2,15,2,2,2
"406",2,1,4,2,1,4,4,2,2,2,4,4,4,2,4,1,2,4,2,1,4,4,4,1,4,4,4,4,4,1,6,NA,0,NA,4,NA,NA,1,NA,NA,NA,NA,2,2,0,NA,0,1,2,NA,4,2,2,2
"407",2,2,3,4,4,4,4,2,5,4,3,2,3,2,3,2,2,1,2,3,4,2,3,5,3,4,4,4,2,3,NA,NA,1,4,4,NA,NA,NA,NA,NA,1,NA,2,1,0,NA,0,2,1,2,6,2,2,2
"408",3,2,3,2,4,3,2,3,2,2,3,3,4,3,4,4,2,3,3,4,4,3,4,4,3,2,4,3,2,1,4,NA,0,NA,2,NA,1,NA,NA,NA,NA,NA,2,3,1,1,0,2,2,NA,5,2,2,2
"409",1,1,1,2,2,2,2,1,4,2,2,2,1,2,4,4,1,4,3,5,4,2,4,2,5,5,1,4,2,3,6,4,1,1,6,1,1,NA,1,1,NA,NA,2,4,2,1,0,3,2,NA,1.5,2,2,2
"410",4,4,4,4,2,4,2,2,4,2,4,2,4,2,3,4,2,2,4,2,3,2,4,4,3,4,2,4,3,3,NA,NA,1,1,2,NA,1,NA,1,NA,NA,NA,2,2,0,NA,0,2,1,2,8,2,2,2
"411",2,4,2,5,2,5,3,4,2,1,5,4,3,2,3,4,3,2,2,1,3,3,3,3,4,5,5,3,3,3,NA,NA,1,1,6,NA,NA,1,NA,NA,NA,1,3,3,0,NA,0,3,1,1,7,1,2,2
"412",2,2,4,4,4,4,2,4,4,3,3,4,4,3,4,4,2,3,4,3,4,3,4,3,2,3,4,3,2,3,1,NA,1,2,5,NA,NA,NA,NA,1,1,NA,2,4,2,1,0,2,1,2,5,2,2,2
"413",2,3,3,3,1,3,5,1,1,4,4,4,4,4,1,2,1,2,2,2,4,2,4,4,4,2,5,1,3,3,1,NA,4,6,-999,NA,1,1,NA,NA,NA,2,2,2,1,2,3,2,1,3,3,2,2,2
"414",2,3,4,3,2,4,2,2,1,2,4,2,1,4,5,4,1,4,2,5,3,2,1,4,5,4,3,3,4,3,1,6,2,2,5,NA,NA,1,NA,NA,1,NA,2,3,3,1,0,1,2,NA,0.5,2,2,2
"415",2,2,2,5,2,4,5,2,4,3,5,2,4,2,5,5,1,2,2,2,5,4,5,5,1,5,5,5,2,3,NA,NA,2,1,4,NA,NA,1,NA,NA,NA,NA,2,2,1,1,0,2,1,2,5,2,6,3
"416",4,4,2,2,2,2,4,2,2,4,-999,2,2,2,3,2,2,2,3,4,3,2,2,5,4,3,4,3,4,3,NA,NA,1,1,5,NA,NA,NA,1,1,NA,NA,2,0,0,NA,0,4,1,2,15,2,3,2
"417",NA,2,2,3,2,4,2,1,-999,2,2,2,2,4,2,5,2,2,4,4,2,2,2,2,2,4,2,3,2,4,3,NA,3,2,5,NA,1,NA,NA,1,NA,1,5,2,0,NA,0,4,2,NA,4,1,3,2
"418",5,5,1,3,2,1,3,3,2,3,1,1,3,3,1,3,4,3,3,3,1,3,1,3,1,3,3,3,3,3,NA,NA,2,1,2,NA,NA,NA,NA,1,NA,1,2,0,0,NA,0,5,2,NA,6,1,3,2
"419",4,4,2,5,4,-999,2,4,3,3,2,2,4,1,4,4,2,2,2,5,3,3,2,5,2,4,4,1,3,3,NA,NA,2,1,5,NA,1,NA,NA,NA,NA,NA,3,0,0,NA,1,4,1,1,6,2,3,2
"420",2,2,3,4,5,4,4,2,3,3,1,2,3,2,1,4,3,2,3,2,2,2,2,2,2,2,2,3,3,3,NA,NA,NA,1,6,1,NA,1,NA,1,NA,1,1,3,0,NA,NA,2,1,2,6,2,4,3
"421",2,4,2,4,1,2,2,2,4,4,2,4,3,2,3,2,2,2,2,5,4,2,3,5,4,3,4,3,4,3,NA,NA,2,1,6,NA,NA,NA,1,NA,NA,NA,2,0,0,NA,1,5,2,NA,NA,2,4,3
"422",2,3,5,2,2,4,3,2,4,3,4,4,2,2,3,3,2,3,2,2,4,2,3,4,2,1,4,3,2,3,NA,NA,2,1,2,NA,NA,NA,1,NA,1,NA,2,0,0,NA,2,5,2,NA,23,2,4,3
"423",4,4,3,4,1,2,3,2,4,2,2,2,2,3,2,2,4,1,2,2,3,3,3,3,5,4,4,3,2,3,NA,NA,2,1,2,1,NA,NA,NA,NA,NA,NA,2,4,2,1,0,3,1,2,0.5,2,4,3
"424",4,5,2,4,2,4,4,2,2,4,4,2,1,2,2,4,2,2,4,3,4,2,2,5,2,4,2,4,2,3,NA,NA,2,1,6,NA,NA,NA,NA,NA,1,1,1,1,0,NA,0,4,1,1,2,1,5,2
"425",4,4,1,4,5,4,1,4,5,1,1,1,4,1,4,5,4,3,1,5,3,4,3,5,4,5,5,1,4,3,NA,NA,1,1,5,NA,NA,1,NA,NA,1,NA,2,0,0,NA,0,4,1,1,16,2,6,3
"426",4,4,3,2,1,4,5,1,5,4,4,2,2,1,5,3,3,3,4,4,5,1,5,3,4,3,4,3,2,3,NA,NA,2,1,6,1,1,1,1,1,NA,NA,2,0,0,NA,2,5,2,NA,17,2,2,2
"427",1,2,1,1,5,2,4,2,4,1,4,2,2,2,4,5,1,2,4,4,4,4,4,2,3,4,4,2,4,3,4,1,2,1,4,NA,1,NA,NA,NA,NA,NA,3,0,0,NA,0,3,1,1,3,2,2,2
"428",2,3,1,1,4,2,2,4,4,1,3,-999,1,2,1,4,1,1,2,4,4,2,2,1,2,5,4,2,2,3,NA,NA,1,1,4,1,NA,NA,NA,NA,NA,NA,3,0,0,NA,1,4,2,1,34,2,1,1
"429",3,4,2,4,2,4,4,2,4,4,4,2,2,2,4,4,2,2,4,4,4,2,2,4,4,4,4,4,4,3,NA,NA,1,1,2,NA,NA,NA,NA,NA,1,NA,1,0,0,NA,0,4,1,1,14,2,2,2
"430",3,4,2,4,2,4,4,2,4,4,4,3,4,4,4,4,3,2,4,2,4,2,3,4,2,4,4,4,4,3,1,NA,2,1,4,NA,NA,NA,NA,NA,NA,1,3,1,0,NA,0,3,1,1,18,2,2,2
